block,attribute,type,source,selector,enum,default,role
blocksy/about-me,style,object,,,,,
blocksy/about-me,lock,object,,,,,
blocksy/about-me,metadata,object,,,,,
blocksy/about-me,className,string,,,,,
blocksy/breadcrumbs,style,object,,,,,
blocksy/breadcrumbs,textColor,string,,,,,
blocksy/breadcrumbs,customTextColor,string,,,,,
blocksy/breadcrumbs,linkColor,string,,,,,
blocksy/breadcrumbs,customLinkColor,string,,,,,
blocksy/breadcrumbs,linkHoverColor,string,,,,,
blocksy/breadcrumbs,customLinkHoverColor,string,,,,,
blocksy/breadcrumbs,lock,object,,,,,
blocksy/breadcrumbs,metadata,object,,,,,
blocksy/breadcrumbs,className,string,,,,,
blocksy/contact-info,style,object,,,,,
blocksy/contact-info,lock,object,,,,,
blocksy/contact-info,metadata,object,,,,,
blocksy/contact-info,className,string,,,,,
blocksy/contact-info,fontSize,string,,,,,
blocksy/dynamic-data,tagName,string,,,,div,
blocksy/dynamic-data,field,string,,,,wp:title,
blocksy/dynamic-data,has_archive_prefix,string,,,,no,
blocksy/dynamic-data,has_field_link,string,,,,no,
blocksy/dynamic-data,has_field_link_wrap_content,string,,,,no,
blocksy/dynamic-data,link_source,string,,,,,
blocksy/dynamic-data,before,string,,,,,
blocksy/dynamic-data,after,string,,,,,
blocksy/dynamic-data,fallback,string,,,,,
blocksy/dynamic-data,align,string,,,,,
blocksy/dynamic-data,imageAlign,string,,,,,
blocksy/dynamic-data,aspectRatio,string,,,,auto,
blocksy/dynamic-data,imageFit,string,,,,cover,
blocksy/dynamic-data,width,string,,,,,
blocksy/dynamic-data,height,string,,,,,
blocksy/dynamic-data,sizeSlug,string,,,,,
blocksy/dynamic-data,alt_text,string,,,,,
blocksy/dynamic-data,avatar_size,number,,,,96,
blocksy/dynamic-data,avatarIsLink,boolean,,,,false,
blocksy/dynamic-data,avatarLinkTarget,string,,,,_self,
blocksy/dynamic-data,featuredIsLink,boolean,,,,false,
blocksy/dynamic-data,featuredLinkTarget,string,,,,_self,
blocksy/dynamic-data,taxonomy,string,,,,,
blocksy/dynamic-data,attribute,string,,,,,
blocksy/dynamic-data,lightbox,string,,,,no,
blocksy/dynamic-data,videoThumbnail,string,,,,no,
blocksy/dynamic-data,has_image_caption,string,,,,no,
blocksy/dynamic-data,image_hover_effect,string,,,,none,
blocksy/dynamic-data,termClass,string,,,,,
blocksy/dynamic-data,termAccentColor,string,,,,yes,
blocksy/dynamic-data,brands_size,number,,,,100,
blocksy/dynamic-data,brands_gap,number,,,,10,
blocksy/dynamic-data,imageSource,string,,,,featured,
blocksy/dynamic-data,viewType,string,,,,default,
blocksy/dynamic-data,backgroundColor,string,,,,,
blocksy/dynamic-data,textColor,string,,,,,
blocksy/dynamic-data,dimRatio,number,,,,50,
blocksy/dynamic-data,style,object,,,,"{""elements"": {""overlay"": {""color"": {""background"": ""#000000""}}}}",
blocksy/dynamic-data,lock,object,,,,,
blocksy/dynamic-data,metadata,object,,,,,
blocksy/dynamic-data,className,string,,,,,
blocksy/dynamic-data,fontSize,string,,,,,
blocksy/dynamic-data,fontFamily,string,,,,,
blocksy/dynamic-data,borderColor,string,,,,,
blocksy/post-template,tabletColumns,number,,,,2,
blocksy/post-template,mobileColumns,number,,,,1,
blocksy/post-template,verticalAlignment,string,,,,,
blocksy/post-template,layout,object,,,,,
blocksy/post-template,has_item_link,string,,,,no,
blocksy/post-template,lock,object,,,,,
blocksy/post-template,metadata,object,,,,,
blocksy/post-template,className,string,,,,,
blocksy/post-template,style,object,,,,,
blocksy/query,uniqueId,string,,,,,
blocksy/query,type,string,,,,post,
blocksy/query,post_type,string,,,,post,
blocksy/query,limit,number,,,,5,
blocksy/query,include_term_ids,object,,,,[],
blocksy/query,exclude_term_ids,object,,,,[],
blocksy/query,include_post_ids,object,,,,"{""ids"": [], ""current_post"": false}",
blocksy/query,exclude_post_ids,object,,,,"{""ids"": [], ""current_post"": false}",
blocksy/query,order,string,,,,desc,
blocksy/query,orderby,string,,,,post_date,
blocksy/query,orderby_custom,string,,,,,
blocksy/query,offset,number,,,,0,
blocksy/query,design,string,,,,,
blocksy/query,has_pagination,string,,,,no,
blocksy/query,textColor,string,,,,,
blocksy/query,customTextColor,string,,,,,
blocksy/query,linkColor,string,,,,,
blocksy/query,customLinkColor,string,,,,,
blocksy/query,linkHoverColor,string,,,,,
blocksy/query,customLinkHoverColor,string,,,,,
blocksy/query,sticky_posts,string,,,,include,
blocksy/query,has_slideshow,string,,,,no,
blocksy/query,has_slideshow_arrows,string,,,,yes,
blocksy/query,has_slideshow_pills,string,,,,no,
blocksy/query,has_slideshow_autoplay,string,,,,no,
blocksy/query,has_slideshow_autoplay_speed,number,,,,3,
blocksy/query,lock,object,,,,,
blocksy/query,metadata,object,,,,,
blocksy/query,align,string,,,left|center|right|wide|full|,,
blocksy/query,className,string,,,,,
blocksy/query,style,object,,,,,
blocksy/query,backgroundColor,string,,,,,
blocksy/query,gradient,string,,,,,
blocksy/query,borderColor,string,,,,,
blocksy/quote,lock,object,,,,,
blocksy/quote,metadata,object,,,,,
blocksy/quote,className,string,,,,,
blocksy/quote,style,object,,,,,
blocksy/search,style,object,,,,,
blocksy/search,lock,object,,,,,
blocksy/search,metadata,object,,,,,
blocksy/search,className,string,,,,,
blocksy/share-box,style,object,,,,,
blocksy/share-box,lock,object,,,,,
blocksy/share-box,metadata,object,,,,,
blocksy/share-box,className,string,,,,,
blocksy/socials,style,object,,,,,
blocksy/socials,lock,object,,,,,
blocksy/socials,metadata,object,,,,,
blocksy/socials,className,string,,,,,
blocksy/tax-query,uniqueId,string,,,,,
blocksy/tax-query,taxonomy,string,,,,category,
blocksy/tax-query,level,string,,,,all,
blocksy/tax-query,limit,number,,,,5,
blocksy/tax-query,hide_empty,string,,,,yes,
blocksy/tax-query,include_term_ids,object,,,,[],
blocksy/tax-query,exclude_term_ids,object,,,,[],
blocksy/tax-query,order,string,,,,desc,
blocksy/tax-query,orderby,string,,,,none,
blocksy/tax-query,offset,number,,,,0,
blocksy/tax-query,design,string,,,,,
blocksy/tax-query,textColor,string,,,,,
blocksy/tax-query,customTextColor,string,,,,,
blocksy/tax-query,linkColor,string,,,,,
blocksy/tax-query,customLinkColor,string,,,,,
blocksy/tax-query,linkHoverColor,string,,,,,
blocksy/tax-query,customLinkHoverColor,string,,,,,
blocksy/tax-query,has_slideshow,string,,,,no,
blocksy/tax-query,has_slideshow_arrows,string,,,,yes,
blocksy/tax-query,has_slideshow_pills,string,,,,no,
blocksy/tax-query,has_slideshow_autoplay,string,,,,no,
blocksy/tax-query,has_slideshow_autoplay_speed,number,,,,3,
blocksy/tax-query,has_pagination,string,,,,no,
blocksy/tax-query,lock,object,,,,,
blocksy/tax-query,metadata,object,,,,,
blocksy/tax-query,align,string,,,left|center|right|wide|full|,,
blocksy/tax-query,className,string,,,,,
blocksy/tax-query,style,object,,,,,
blocksy/tax-query,backgroundColor,string,,,,,
blocksy/tax-query,gradient,string,,,,,
blocksy/tax-query,borderColor,string,,,,,
blocksy/tax-template,tabletColumns,number,,,,2,
blocksy/tax-template,mobileColumns,number,,,,1,
blocksy/tax-template,verticalAlignment,string,,,,,
blocksy/tax-template,layout,object,,,,,
blocksy/tax-template,has_item_link,string,,,,no,
blocksy/tax-template,lock,object,,,,,
blocksy/tax-template,metadata,object,,,,,
blocksy/tax-template,className,string,,,,,
blocksy/tax-template,style,object,,,,,
blocksy/widgets-wrapper,lock,object,,,,,
blocksy/widgets-wrapper,metadata,object,,,,,
blocksy/widgets-wrapper,className,string,,,,,
blocksy/widgets-wrapper,style,object,,,,,
core/accordion,iconPosition,string,,,,right,
core/accordion,showIcon,boolean,,,,true,
core/accordion,autoclose,boolean,,,,false,
core/accordion,headingLevel,number,,,,3,
core/accordion,levelOptions,array,,,,,
core/accordion,lock,object,,,,,
core/accordion,metadata,object,,,,,
core/accordion,align,string,,,left|center|right|wide|full|,,
core/accordion,className,string,,,,,
core/accordion,style,object,,,,,
core/accordion,backgroundColor,string,,,,,
core/accordion,textColor,string,,,,,
core/accordion,gradient,string,,,,,
core/accordion,fontSize,string,,,,,
core/accordion,fontFamily,string,,,,,
core/accordion,borderColor,string,,,,,
core/accordion,layout,object,,,,,
core/accordion,ariaLabel,string,,,,,
core/accordion,anchor,string,,,,,
core/accordion-heading,openByDefault,boolean,,,,false,
core/accordion-heading,title,rich-text,rich-text,.wp-block-accordion-heading__toggle-title,,,content
core/accordion-heading,level,number,,,,,
core/accordion-heading,iconPosition,string,,,left|right,right,
core/accordion-heading,showIcon,boolean,,,,true,
core/accordion-heading,lock,object,,,,,
core/accordion-heading,metadata,object,,,,,
core/accordion-heading,className,string,,,,,
core/accordion-heading,style,object,,,,,
core/accordion-heading,backgroundColor,string,,,,,
core/accordion-heading,textColor,string,,,,,
core/accordion-heading,gradient,string,,,,,
core/accordion-heading,fontSize,string,,,,,
core/accordion-heading,fontFamily,string,,,,,
core/accordion-heading,borderColor,string,,,,,
core/accordion-heading,anchor,string,,,,,
core/accordion-item,openByDefault,boolean,,,,false,
core/accordion-item,lock,object,,,,,
core/accordion-item,metadata,object,,,,,
core/accordion-item,className,string,,,,,
core/accordion-item,style,object,,,,,
core/accordion-item,backgroundColor,string,,,,,
core/accordion-item,textColor,string,,,,,
core/accordion-item,gradient,string,,,,,
core/accordion-item,fontSize,string,,,,,
core/accordion-item,fontFamily,string,,,,,
core/accordion-item,borderColor,string,,,,,
core/accordion-item,layout,object,,,,,
core/accordion-panel,templateLock,string|boolean,,,all|insert|contentOnly|False,false,
core/accordion-panel,lock,object,,,,,
core/accordion-panel,metadata,object,,,,,
core/accordion-panel,className,string,,,,,
core/accordion-panel,style,object,,,,,
core/accordion-panel,backgroundColor,string,,,,,
core/accordion-panel,textColor,string,,,,,
core/accordion-panel,gradient,string,,,,,
core/accordion-panel,fontSize,string,,,,,
core/accordion-panel,fontFamily,string,,,,,
core/accordion-panel,borderColor,string,,,,,
core/accordion-panel,layout,object,,,,,
core/archives,displayAsDropdown,boolean,,,,false,
core/archives,showLabel,boolean,,,,true,
core/archives,showPostCounts,boolean,,,,false,
core/archives,type,string,,,,monthly,
core/archives,lock,object,,,,,
core/archives,metadata,object,,,,,
core/archives,align,string,,,left|center|right|wide|full|,,
core/archives,className,string,,,,,
core/archives,style,object,,,,,
core/archives,backgroundColor,string,,,,,
core/archives,textColor,string,,,,,
core/archives,gradient,string,,,,,
core/archives,fontSize,string,,,,,
core/archives,fontFamily,string,,,,,
core/archives,borderColor,string,,,,,
core/archives,anchor,string,,,,,
core/audio,blob,string,,,,,local
core/audio,src,string,attribute,audio,,,content
core/audio,caption,rich-text,rich-text,figcaption,,,content
core/audio,id,number,,,,,content
core/audio,autoplay,boolean,attribute,audio,,,
core/audio,loop,boolean,attribute,audio,,,
core/audio,preload,string,attribute,audio,,,
core/audio,lock,object,,,,,
core/audio,metadata,object,,,,,
core/audio,align,string,,,left|center|right|wide|full|,,
core/audio,className,string,,,,,
core/audio,style,object,,,,,
core/audio,anchor,string,,,,,
core/avatar,userId,number,,,,,
core/avatar,size,number,,,,96,
core/avatar,isLink,boolean,,,,false,
core/avatar,linkTarget,string,,,,_self,
core/avatar,lock,object,,,,,
core/avatar,metadata,object,,,,,
core/avatar,align,string,,,left|center|right|wide|full|,,
core/avatar,className,string,,,,,
core/avatar,style,object,,,,,
core/avatar,borderColor,string,,,,,
core/avatar,anchor,string,,,,,
core/block,ref,number,,,,,
core/block,content,object,,,,[],
core/block,lock,object,,,,,
core/block,metadata,object,,,,,
core/breadcrumbs,prefersTaxonomy,boolean,,,,false,
core/breadcrumbs,separator,string,,,,/,
core/breadcrumbs,showHomeItem,boolean,,,,true,
core/breadcrumbs,showCurrentItem,boolean,,,,true,
core/breadcrumbs,showOnHomePage,boolean,,,,false,
core/breadcrumbs,lock,object,,,,,
core/breadcrumbs,metadata,object,,,,,
core/breadcrumbs,align,string,,,left|center|right|wide|full|,,
core/breadcrumbs,className,string,,,,,
core/breadcrumbs,style,object,,,,,
core/breadcrumbs,backgroundColor,string,,,,,
core/breadcrumbs,textColor,string,,,,,
core/breadcrumbs,gradient,string,,,,,
core/breadcrumbs,fontSize,string,,,,,
core/breadcrumbs,fontFamily,string,,,,,
core/breadcrumbs,borderColor,string,,,,,
core/breadcrumbs,anchor,string,,,,,
core/button,tagName,string,,,a|button,a,
core/button,type,string,,,,button,
core/button,url,string,attribute,a,,,content
core/button,title,string,attribute,"a,button",,,content
core/button,text,rich-text,rich-text,"a,button",,,content
core/button,linkTarget,string,attribute,a,,,content
core/button,rel,string,attribute,a,,,content
core/button,placeholder,string,,,,,
core/button,backgroundColor,string,,,,,
core/button,textColor,string,,,,,
core/button,gradient,string,,,,,
core/button,lock,object,,,,,
core/button,metadata,object,,,,,
core/button,className,string,,,,,
core/button,style,object,,,,,
core/button,fontSize,string,,,,,
core/button,fontFamily,string,,,,,
core/button,borderColor,string,,,,,
core/button,anchor,string,,,,,
core/buttons,lock,object,,,,,
core/buttons,metadata,object,,,,,
core/buttons,align,string,,,left|center|right|wide|full|,,
core/buttons,className,string,,,,,
core/buttons,style,object,,,,,
core/buttons,backgroundColor,string,,,,,
core/buttons,gradient,string,,,,,
core/buttons,fontSize,string,,,,,
core/buttons,fontFamily,string,,,,,
core/buttons,borderColor,string,,,,,
core/buttons,layout,object,,,,,
core/buttons,anchor,string,,,,,
core/calendar,month,integer,,,,,
core/calendar,year,integer,,,,,
core/calendar,lock,object,,,,,
core/calendar,metadata,object,,,,,
core/calendar,align,string,,,left|center|right|wide|full|,,
core/calendar,className,string,,,,,
core/calendar,style,object,,,,,
core/calendar,backgroundColor,string,,,,,
core/calendar,textColor,string,,,,,
core/calendar,fontSize,string,,,,,
core/calendar,fontFamily,string,,,,,
core/calendar,anchor,string,,,,,
core/categories,taxonomy,string,,,,category,
core/categories,displayAsDropdown,boolean,,,,false,
core/categories,showHierarchy,boolean,,,,false,
core/categories,showPostCounts,boolean,,,,false,
core/categories,showOnlyTopLevel,boolean,,,,false,
core/categories,showEmpty,boolean,,,,false,
core/categories,label,string,,,,,content
core/categories,showLabel,boolean,,,,true,
core/categories,lock,object,,,,,
core/categories,metadata,object,,,,,
core/categories,align,string,,,left|center|right|wide|full|,,
core/categories,className,string,,,,,
core/categories,style,object,,,,,
core/categories,backgroundColor,string,,,,,
core/categories,textColor,string,,,,,
core/categories,gradient,string,,,,,
core/categories,fontSize,string,,,,,
core/categories,fontFamily,string,,,,,
core/categories,borderColor,string,,,,,
core/categories,anchor,string,,,,,
core/code,content,rich-text,rich-text,code,,,content
core/code,lock,object,,,,,
core/code,metadata,object,,,,,
core/code,align,string,,,left|center|right|wide|full|,,
core/code,className,string,,,,,
core/code,style,object,,,,,
core/code,backgroundColor,string,,,,,
core/code,textColor,string,,,,,
core/code,gradient,string,,,,,
core/code,fontSize,string,,,,,
core/code,fontFamily,string,,,,,
core/code,borderColor,string,,,,,
core/code,anchor,string,,,,,
core/column,verticalAlignment,string,,,,,
core/column,width,string,,,,,
core/column,templateLock,string|boolean,,,all|insert|contentOnly|False,,
core/column,lock,object,,,,,
core/column,metadata,object,,,,,
core/column,className,string,,,,,
core/column,style,object,,,,,
core/column,backgroundColor,string,,,,,
core/column,textColor,string,,,,,
core/column,gradient,string,,,,,
core/column,fontSize,string,,,,,
core/column,fontFamily,string,,,,,
core/column,borderColor,string,,,,,
core/column,layout,object,,,,,
core/column,anchor,string,,,,,
core/columns,verticalAlignment,string,,,,,
core/columns,isStackedOnMobile,boolean,,,,true,
core/columns,templateLock,string|boolean,,,all|insert|contentOnly|False,,
core/columns,lock,object,,,,,
core/columns,metadata,object,,,,,
core/columns,align,string,,,left|center|right|wide|full|,,
core/columns,className,string,,,,,
core/columns,style,object,,,,,
core/columns,backgroundColor,string,,,,,
core/columns,textColor,string,,,,,
core/columns,gradient,string,,,,,
core/columns,fontSize,string,,,,,
core/columns,fontFamily,string,,,,,
core/columns,borderColor,string,,,,,
core/columns,layout,object,,,,,
core/columns,anchor,string,,,,,
core/comment-author-name,isLink,boolean,,,,true,
core/comment-author-name,linkTarget,string,,,,_self,
core/comment-author-name,lock,object,,,,,
core/comment-author-name,metadata,object,,,,,
core/comment-author-name,className,string,,,,,
core/comment-author-name,style,object,,,,,
core/comment-author-name,backgroundColor,string,,,,,
core/comment-author-name,textColor,string,,,,,
core/comment-author-name,gradient,string,,,,,
core/comment-author-name,fontSize,string,,,,,
core/comment-author-name,fontFamily,string,,,,,
core/comment-author-name,borderColor,string,,,,,
core/comment-author-name,anchor,string,,,,,
core/comment-content,lock,object,,,,,
core/comment-content,metadata,object,,,,,
core/comment-content,className,string,,,,,
core/comment-content,style,object,,,,,
core/comment-content,backgroundColor,string,,,,,
core/comment-content,textColor,string,,,,,
core/comment-content,gradient,string,,,,,
core/comment-content,fontSize,string,,,,,
core/comment-content,fontFamily,string,,,,,
core/comment-content,borderColor,string,,,,,
core/comment-content,anchor,string,,,,,
core/comment-date,format,string,,,,,
core/comment-date,isLink,boolean,,,,true,
core/comment-date,lock,object,,,,,
core/comment-date,metadata,object,,,,,
core/comment-date,className,string,,,,,
core/comment-date,style,object,,,,,
core/comment-date,backgroundColor,string,,,,,
core/comment-date,textColor,string,,,,,
core/comment-date,gradient,string,,,,,
core/comment-date,fontSize,string,,,,,
core/comment-date,fontFamily,string,,,,,
core/comment-date,borderColor,string,,,,,
core/comment-date,anchor,string,,,,,
core/comment-edit-link,linkTarget,string,,,,_self,
core/comment-edit-link,lock,object,,,,,
core/comment-edit-link,metadata,object,,,,,
core/comment-edit-link,className,string,,,,,
core/comment-edit-link,style,object,,,,,
core/comment-edit-link,backgroundColor,string,,,,,
core/comment-edit-link,gradient,string,,,,,
core/comment-edit-link,fontSize,string,,,,,
core/comment-edit-link,fontFamily,string,,,,,
core/comment-edit-link,borderColor,string,,,,,
core/comment-edit-link,anchor,string,,,,,
core/comment-reply-link,lock,object,,,,,
core/comment-reply-link,metadata,object,,,,,
core/comment-reply-link,className,string,,,,,
core/comment-reply-link,style,object,,,,,
core/comment-reply-link,backgroundColor,string,,,,,
core/comment-reply-link,gradient,string,,,,,
core/comment-reply-link,fontSize,string,,,,,
core/comment-reply-link,fontFamily,string,,,,,
core/comment-reply-link,borderColor,string,,,,,
core/comment-reply-link,anchor,string,,,,,
core/comment-template,lock,object,,,,,
core/comment-template,metadata,object,,,,,
core/comment-template,align,string,,,left|center|right|wide|full|,,
core/comment-template,className,string,,,,,
core/comment-template,style,object,,,,,
core/comment-template,fontSize,string,,,,,
core/comment-template,fontFamily,string,,,,,
core/comment-template,borderColor,string,,,,,
core/comment-template,anchor,string,,,,,
core/comments,tagName,string,,,,div,
core/comments,legacy,boolean,,,,false,
core/comments,lock,object,,,,,
core/comments,metadata,object,,,,,
core/comments,align,string,,,left|center|right|wide|full|,,
core/comments,className,string,,,,,
core/comments,style,object,,,,,
core/comments,backgroundColor,string,,,,,
core/comments,textColor,string,,,,,
core/comments,gradient,string,,,,,
core/comments,fontSize,string,,,,,
core/comments,fontFamily,string,,,,,
core/comments,borderColor,string,,,,,
core/comments,anchor,string,,,,,
core/comments-pagination,paginationArrow,string,,,,none,
core/comments-pagination,lock,object,,,,,
core/comments-pagination,metadata,object,,,,,
core/comments-pagination,align,string,,,left|center|right|wide|full|,,
core/comments-pagination,className,string,,,,,
core/comments-pagination,style,object,,,,,
core/comments-pagination,backgroundColor,string,,,,,
core/comments-pagination,textColor,string,,,,,
core/comments-pagination,gradient,string,,,,,
core/comments-pagination,fontSize,string,,,,,
core/comments-pagination,fontFamily,string,,,,,
core/comments-pagination,layout,object,,,,,
core/comments-pagination,anchor,string,,,,,
core/comments-pagination-next,label,string,,,,,
core/comments-pagination-next,lock,object,,,,,
core/comments-pagination-next,metadata,object,,,,,
core/comments-pagination-next,className,string,,,,,
core/comments-pagination-next,style,object,,,,,
core/comments-pagination-next,backgroundColor,string,,,,,
core/comments-pagination-next,gradient,string,,,,,
core/comments-pagination-next,fontSize,string,,,,,
core/comments-pagination-next,fontFamily,string,,,,,
core/comments-pagination-next,anchor,string,,,,,
core/comments-pagination-numbers,lock,object,,,,,
core/comments-pagination-numbers,metadata,object,,,,,
core/comments-pagination-numbers,className,string,,,,,
core/comments-pagination-numbers,style,object,,,,,
core/comments-pagination-numbers,backgroundColor,string,,,,,
core/comments-pagination-numbers,gradient,string,,,,,
core/comments-pagination-numbers,fontSize,string,,,,,
core/comments-pagination-numbers,fontFamily,string,,,,,
core/comments-pagination-numbers,anchor,string,,,,,
core/comments-pagination-previous,label,string,,,,,
core/comments-pagination-previous,lock,object,,,,,
core/comments-pagination-previous,metadata,object,,,,,
core/comments-pagination-previous,className,string,,,,,
core/comments-pagination-previous,style,object,,,,,
core/comments-pagination-previous,backgroundColor,string,,,,,
core/comments-pagination-previous,gradient,string,,,,,
core/comments-pagination-previous,fontSize,string,,,,,
core/comments-pagination-previous,fontFamily,string,,,,,
core/comments-pagination-previous,anchor,string,,,,,
core/comments-title,showPostTitle,boolean,,,,true,
core/comments-title,showCommentsCount,boolean,,,,true,
core/comments-title,level,number,,,,2,
core/comments-title,levelOptions,array,,,,,
core/comments-title,lock,object,,,,,
core/comments-title,metadata,object,,,,,
core/comments-title,align,string,,,left|center|right|wide|full|,,
core/comments-title,className,string,,,,,
core/comments-title,style,object,,,,,
core/comments-title,backgroundColor,string,,,,,
core/comments-title,textColor,string,,,,,
core/comments-title,gradient,string,,,,,
core/comments-title,fontSize,string,,,,,
core/comments-title,fontFamily,string,,,,,
core/comments-title,borderColor,string,,,,,
core/comments-title,anchor,string,,,,,
core/cover,url,string,,,,,content
core/cover,useFeaturedImage,boolean,,,,false,
core/cover,id,number,,,,,
core/cover,alt,string,,,,,
core/cover,hasParallax,boolean,,,,false,
core/cover,isRepeated,boolean,,,,false,
core/cover,dimRatio,number,,,,100,
core/cover,overlayColor,string,,,,,
core/cover,customOverlayColor,string,,,,,
core/cover,isUserOverlayColor,boolean,,,,,
core/cover,backgroundType,string,,,,image,
core/cover,focalPoint,object,,,,,
core/cover,minHeight,number,,,,,
core/cover,minHeightUnit,string,,,,,
core/cover,gradient,string,,,,,
core/cover,customGradient,string,,,,,
core/cover,contentPosition,string,,,,,
core/cover,isDark,boolean,,,,true,
core/cover,templateLock,string|boolean,,,all|insert|contentOnly|False,,
core/cover,tagName,string,,,,div,
core/cover,sizeSlug,string,,,,,
core/cover,poster,string,attribute,video,,,
core/cover,allowedVideoProviders,array,,,,"[""youtube"", ""vimeo"", ""videopress"", ""animoto"", ""tiktok"", ""wordpress-tv""]",
core/cover,lock,object,,,,,
core/cover,metadata,object,,,,,
core/cover,align,string,,,left|center|right|wide|full|,,
core/cover,className,string,,,,,
core/cover,style,object,,,,,
core/cover,textColor,string,,,,,
core/cover,fontSize,string,,,,,
core/cover,fontFamily,string,,,,,
core/cover,borderColor,string,,,,,
core/cover,layout,object,,,,,
core/cover,anchor,string,,,,,
core/details,showContent,boolean,,,,false,
core/details,summary,rich-text,rich-text,summary,,,content
core/details,name,string,attribute,.wp-block-details,,,
core/details,placeholder,string,,,,,
core/details,lock,object,,,,,
core/details,metadata,object,,,,,
core/details,align,string,,,left|center|right|wide|full|,,
core/details,className,string,,,,,
core/details,style,object,,,,,
core/details,backgroundColor,string,,,,,
core/details,textColor,string,,,,,
core/details,gradient,string,,,,,
core/details,fontSize,string,,,,,
core/details,fontFamily,string,,,,,
core/details,borderColor,string,,,,,
core/details,layout,object,,,,,
core/details,anchor,string,,,,,
core/embed,url,string,,,,,content
core/embed,caption,rich-text,rich-text,figcaption,,,content
core/embed,type,string,,,,,content
core/embed,providerNameSlug,string,,,,,content
core/embed,allowResponsive,boolean,,,,true,
core/embed,responsive,boolean,,,,false,content
core/embed,previewable,boolean,,,,true,content
core/embed,lock,object,,,,,
core/embed,metadata,object,,,,,
core/embed,align,string,,,left|center|right|wide|full|,,
core/embed,className,string,,,,,
core/embed,style,object,,,,,
core/embed,anchor,string,,,,,
core/file,id,number,,,,,
core/file,blob,string,,,,,local
core/file,href,string,,,,,content
core/file,fileId,string,attribute,a:not([download]),,,
core/file,fileName,rich-text,rich-text,a:not([download]),,,content
core/file,textLinkHref,string,attribute,a:not([download]),,,content
core/file,textLinkTarget,string,attribute,a:not([download]),,,
core/file,showDownloadButton,boolean,,,,true,
core/file,downloadButtonText,rich-text,rich-text,a[download],,,content
core/file,displayPreview,boolean,,,,,
core/file,previewHeight,number,,,,600,
core/file,lock,object,,,,,
core/file,metadata,object,,,,,
core/file,align,string,,,left|center|right|wide|full|,,
core/file,className,string,,,,,
core/file,style,object,,,,,
core/file,backgroundColor,string,,,,,
core/file,gradient,string,,,,,
core/file,borderColor,string,,,,,
core/file,anchor,string,,,,,
core/footnotes,lock,object,,,,,
core/footnotes,metadata,object,,,,,
core/footnotes,className,string,,,,,
core/footnotes,style,object,,,,,
core/footnotes,backgroundColor,string,,,,,
core/footnotes,textColor,string,,,,,
core/footnotes,fontSize,string,,,,,
core/footnotes,fontFamily,string,,,,,
core/footnotes,borderColor,string,,,,,
core/footnotes,anchor,string,,,,,
core/freeform,content,string,raw,,,,
core/freeform,lock,object,,,,,
core/freeform,metadata,object,,,,,
core/gallery,images,array,query,.blocks-gallery-item,,[],
core/gallery,ids,array,,,,[],
core/gallery,dynamicContent,object,,,,,
core/gallery,navigationButtonType,string,,,icon|text|both,icon,
core/gallery,shortCodeTransforms,array,,,,[],
core/gallery,columns,number,,,,,
core/gallery,caption,rich-text,rich-text,.blocks-gallery-caption,,,content
core/gallery,imageCrop,boolean,,,,true,
core/gallery,randomOrder,boolean,,,,false,
core/gallery,fixedHeight,boolean,,,,true,
core/gallery,linkTarget,string,,,,,
core/gallery,linkTo,string,,,,,
core/gallery,sizeSlug,string,,,,large,
core/gallery,allowResize,boolean,,,,false,
core/gallery,aspectRatio,string,,,,auto,
core/gallery,lock,object,,,,,
core/gallery,metadata,object,,,,,
core/gallery,align,string,,,left|center|right|wide|full|,,
core/gallery,className,string,,,,,
core/gallery,style,object,,,,,
core/gallery,backgroundColor,string,,,,,
core/gallery,gradient,string,,,,,
core/gallery,borderColor,string,,,,,
core/gallery,layout,object,,,,,
core/gallery,anchor,string,,,,,
core/group,tagName,string,,,,div,
core/group,templateLock,string|boolean,,,all|insert|contentOnly|False,,
core/group,lock,object,,,,,
core/group,metadata,object,,,,,
core/group,align,string,,,left|center|right|wide|full|,,
core/group,className,string,,,,,
core/group,style,object,,,,,
core/group,backgroundColor,string,,,,,
core/group,textColor,string,,,,,
core/group,gradient,string,,,,,
core/group,fontSize,string,,,,,
core/group,fontFamily,string,,,,,
core/group,borderColor,string,,,,,
core/group,layout,object,,,,,
core/group,ariaLabel,string,,,,,
core/group,anchor,string,,,,,
core/heading,content,rich-text,rich-text,"h1,h2,h3,h4,h5,h6",,,content
core/heading,level,number,,,,2,
core/heading,levelOptions,array,,,,,
core/heading,placeholder,string,,,,,
core/heading,lock,object,,,,,
core/heading,metadata,object,,,,,
core/heading,align,string,,,left|center|right|wide|full|,,
core/heading,className,string,,,,,
core/heading,style,object,,,,,
core/heading,backgroundColor,string,,,,,
core/heading,textColor,string,,,,,
core/heading,gradient,string,,,,,
core/heading,fontSize,string,,,,,
core/heading,fontFamily,string,,,,,
core/heading,borderColor,string,,,,,
core/heading,anchor,string,,,,,
core/home-link,label,string,,,,,content
core/home-link,opensInNewTab,boolean,,,,false,
core/home-link,description,string,,,,,
core/home-link,lock,object,,,,,
core/home-link,metadata,object,,,,,
core/home-link,className,string,,,,,
core/home-link,style,object,,,,,
core/home-link,fontSize,string,,,,,
core/home-link,fontFamily,string,,,,,
core/home-link,anchor,string,,,,,
core/html,content,string,,,,,local
core/html,lock,object,,,,,
core/html,metadata,object,,,,,
core/icon,icon,string,,,,,content
core/icon,flipHorizontal,boolean,,,,false,
core/icon,flipVertical,boolean,,,,false,
core/icon,rotation,number,,,,0,
core/icon,lock,object,,,,,
core/icon,metadata,object,,,,,
core/icon,align,string,,,left|center|right|wide|full|,,
core/icon,className,string,,,,,
core/icon,style,object,,,,,
core/icon,backgroundColor,string,,,,,
core/icon,textColor,string,,,,,
core/icon,borderColor,string,,,,,
core/icon,ariaLabel,string,,,,,
core/icon,anchor,string,,,,,
core/image,blob,string,,,,,local
core/image,url,string,attribute,img,,,content
core/image,alt,string,attribute,img,,,content
core/image,caption,rich-text,rich-text,figcaption,,,content
core/image,lightbox,object,,,,,
core/image,title,string,attribute,img,,,content
core/image,href,string,attribute,figure > a,,,content
core/image,rel,string,attribute,figure > a,,,
core/image,linkClass,string,attribute,figure > a,,,
core/image,id,number,,,,,content
core/image,width,string,,,,,
core/image,height,string,,,,,
core/image,aspectRatio,string,,,,,
core/image,scale,string,,,,,
core/image,focalPoint,object,,,,,
core/image,sizeSlug,string,,,,,
core/image,linkDestination,string,,,,,
core/image,linkTarget,string,attribute,figure > a,,,
core/image,isDecorative,boolean,,,,false,
core/image,lock,object,,,,,
core/image,metadata,object,,,,,
core/image,align,string,,,left|center|right|wide|full|,,
core/image,className,string,,,,,
core/image,style,object,,,,,
core/image,borderColor,string,,,,,
core/image,anchor,string,,,,,
core/latest-comments,commentsToShow,number,,,,5,
core/latest-comments,displayAvatar,boolean,,,,true,
core/latest-comments,displayDate,boolean,,,,true,
core/latest-comments,displayContent,string,,,none|excerpt|full,excerpt,
core/latest-comments,lock,object,,,,,
core/latest-comments,metadata,object,,,,,
core/latest-comments,align,string,,,left|center|right|wide|full|,,
core/latest-comments,className,string,,,,,
core/latest-comments,style,object,,,,,
core/latest-comments,backgroundColor,string,,,,,
core/latest-comments,textColor,string,,,,,
core/latest-comments,gradient,string,,,,,
core/latest-comments,fontSize,string,,,,,
core/latest-comments,fontFamily,string,,,,,
core/latest-comments,anchor,string,,,,,
core/latest-posts,categories,array,,,,,
core/latest-posts,selectedAuthor,number,,,,,
core/latest-posts,postsToShow,number,,,,5,
core/latest-posts,displayPostContent,boolean,,,,false,
core/latest-posts,displayPostContentRadio,string,,,,excerpt,
core/latest-posts,excerptLength,number,,,,55,
core/latest-posts,displayAuthor,boolean,,,,false,
core/latest-posts,displayPostDate,boolean,,,,false,
core/latest-posts,order,string,,,,desc,
core/latest-posts,orderBy,string,,,,date,
core/latest-posts,displayFeaturedImage,boolean,,,,false,
core/latest-posts,featuredImageAlign,string,,,left|center|right,,
core/latest-posts,featuredImageSizeSlug,string,,,,thumbnail,
core/latest-posts,featuredImageSizeWidth,number,,,,,
core/latest-posts,featuredImageSizeHeight,number,,,,,
core/latest-posts,addLinkToFeaturedImage,boolean,,,,false,
core/latest-posts,lock,object,,,,,
core/latest-posts,metadata,object,,,,,
core/latest-posts,align,string,,,left|center|right|wide|full|,,
core/latest-posts,className,string,,,,,
core/latest-posts,style,object,,,,,
core/latest-posts,backgroundColor,string,,,,,
core/latest-posts,textColor,string,,,,,
core/latest-posts,gradient,string,,,,,
core/latest-posts,fontSize,string,,,,,
core/latest-posts,fontFamily,string,,,,,
core/latest-posts,borderColor,string,,,,,
core/latest-posts,layout,object,,,,,
core/latest-posts,anchor,string,,,,,
core/legacy-widget,id,string,,,,,
core/legacy-widget,idBase,string,,,,,
core/legacy-widget,instance,object,,,,,
core/legacy-widget,lock,object,,,,,
core/legacy-widget,metadata,object,,,,,
core/legacy-widget,style,object,,,,,
core/list,ordered,boolean,,,,false,content
core/list,values,string,html,"ol,ul",,,content
core/list,type,string,,,,,
core/list,start,number,,,,,
core/list,reversed,boolean,,,,,
core/list,placeholder,string,,,,,
core/list,lock,object,,,,,
core/list,metadata,object,,,,,
core/list,className,string,,,,,
core/list,style,object,,,,,
core/list,backgroundColor,string,,,,,
core/list,textColor,string,,,,,
core/list,gradient,string,,,,,
core/list,fontSize,string,,,,,
core/list,fontFamily,string,,,,,
core/list,borderColor,string,,,,,
core/list,anchor,string,,,,,
core/list-item,placeholder,string,,,,,
core/list-item,content,rich-text,rich-text,li,,,content
core/list-item,lock,object,,,,,
core/list-item,metadata,object,,,,,
core/list-item,className,string,,,,,
core/list-item,style,object,,,,,
core/list-item,backgroundColor,string,,,,,
core/list-item,textColor,string,,,,,
core/list-item,gradient,string,,,,,
core/list-item,fontSize,string,,,,,
core/list-item,fontFamily,string,,,,,
core/list-item,borderColor,string,,,,,
core/list-item,anchor,string,,,,,
core/loginout,displayLoginAsForm,boolean,,,,false,
core/loginout,redirectToCurrent,boolean,,,,true,
core/loginout,lock,object,,,,,
core/loginout,metadata,object,,,,,
core/loginout,className,string,,,,,
core/loginout,style,object,,,,,
core/loginout,backgroundColor,string,,,,,
core/loginout,gradient,string,,,,,
core/loginout,fontSize,string,,,,,
core/loginout,fontFamily,string,,,,,
core/loginout,borderColor,string,,,,,
core/loginout,anchor,string,,,,,
core/math,latex,string,,,,,content
core/math,mathML,string,html,math,,,
core/math,lock,object,,,,,
core/math,metadata,object,,,,,
core/math,className,string,,,,,
core/math,style,object,,,,,
core/math,backgroundColor,string,,,,,
core/math,textColor,string,,,,,
core/math,gradient,string,,,,,
core/math,fontSize,string,,,,,
core/math,borderColor,string,,,,,
core/math,anchor,string,,,,,
core/media-text,align,string,,,,none,
core/media-text,mediaAlt,string,attribute,figure img,,,content
core/media-text,mediaPosition,string,,,,left,
core/media-text,mediaId,number,,,,,content
core/media-text,mediaUrl,string,attribute,"figure video,figure img",,,content
core/media-text,mediaLink,string,,,,,
core/media-text,linkDestination,string,,,,,
core/media-text,linkTarget,string,attribute,figure a,,,
core/media-text,href,string,attribute,figure a,,,content
core/media-text,rel,string,attribute,figure a,,,
core/media-text,linkClass,string,attribute,figure a,,,
core/media-text,mediaType,string,,,,,content
core/media-text,mediaWidth,number,,,,50,
core/media-text,mediaSizeSlug,string,,,,,
core/media-text,isStackedOnMobile,boolean,,,,true,
core/media-text,verticalAlignment,string,,,,,
core/media-text,imageFill,boolean,,,,,
core/media-text,focalPoint,object,,,,,
core/media-text,useFeaturedImage,boolean,,,,false,
core/media-text,lock,object,,,,,
core/media-text,metadata,object,,,,,
core/media-text,className,string,,,,,
core/media-text,style,object,,,,,
core/media-text,backgroundColor,string,,,,,
core/media-text,textColor,string,,,,,
core/media-text,gradient,string,,,,,
core/media-text,fontSize,string,,,,,
core/media-text,fontFamily,string,,,,,
core/media-text,borderColor,string,,,,,
core/media-text,anchor,string,,,,,
core/missing,originalName,string,,,,,
core/missing,originalUndelimitedContent,string,,,,,
core/missing,originalContent,string,raw,,,,
core/missing,lock,object,,,,,
core/missing,metadata,object,,,,,
core/more,customText,string,,,,,content
core/more,noTeaser,boolean,,,,false,
core/more,lock,object,,,,,
core/more,metadata,object,,,,,
core/navigation,ref,number,,,,,
core/navigation,textColor,string,,,,,
core/navigation,customTextColor,string,,,,,
core/navigation,rgbTextColor,string,,,,,
core/navigation,backgroundColor,string,,,,,
core/navigation,customBackgroundColor,string,,,,,
core/navigation,rgbBackgroundColor,string,,,,,
core/navigation,showSubmenuIcon,boolean,,,,true,
core/navigation,submenuVisibility,string,,,hover|click|always,hover,
core/navigation,overlayMenu,string,,,,mobile,
core/navigation,overlay,string,,,,,
core/navigation,icon,string,,,,handle,
core/navigation,hasIcon,boolean,,,,true,
core/navigation,__unstableLocation,string,,,,,
core/navigation,overlayBackgroundColor,string,,,,,
core/navigation,customOverlayBackgroundColor,string,,,,,
core/navigation,overlayTextColor,string,,,,,
core/navigation,customOverlayTextColor,string,,,,,
core/navigation,maxNestingLevel,number,,,,5,
core/navigation,templateLock,string|boolean,,,all|insert|contentOnly|False,,
core/navigation,lock,object,,,,,
core/navigation,metadata,object,,,,,
core/navigation,align,string,,,left|center|right|wide|full|,,
core/navigation,className,string,,,,,
core/navigation,style,object,,,,,
core/navigation,fontSize,string,,,,,
core/navigation,fontFamily,string,,,,,
core/navigation,layout,object,,,,,
core/navigation,ariaLabel,string,,,,,
core/navigation,anchor,string,,,,,
core/navigation-link,label,string,,,,,content
core/navigation-link,type,string,,,,,
core/navigation-link,description,string,,,,,
core/navigation-link,rel,string,,,,,
core/navigation-link,id,number,,,,,
core/navigation-link,opensInNewTab,boolean,,,,false,
core/navigation-link,url,string,,,,,content
core/navigation-link,title,string,,,,,
core/navigation-link,kind,string,,,,,
core/navigation-link,isTopLevelLink,boolean,,,,,
core/navigation-link,lock,object,,,,,
core/navigation-link,metadata,object,,,,,
core/navigation-link,className,string,,,,,
core/navigation-link,style,object,,,,,
core/navigation-link,fontSize,string,,,,,
core/navigation-link,fontFamily,string,,,,,
core/navigation-link,anchor,string,,,,,
core/navigation-overlay-close,displayMode,string,,,icon|text|both,icon,
core/navigation-overlay-close,text,string,,,,,
core/navigation-overlay-close,lock,object,,,,,
core/navigation-overlay-close,metadata,object,,,,,
core/navigation-overlay-close,className,string,,,,,
core/navigation-overlay-close,style,object,,,,,
core/navigation-overlay-close,backgroundColor,string,,,,,
core/navigation-overlay-close,textColor,string,,,,,
core/navigation-overlay-close,fontSize,string,,,,,
core/navigation-overlay-close,fontFamily,string,,,,,
core/navigation-submenu,label,string,,,,,content
core/navigation-submenu,type,string,,,,,
core/navigation-submenu,description,string,,,,,
core/navigation-submenu,rel,string,,,,,
core/navigation-submenu,id,number,,,,,
core/navigation-submenu,opensInNewTab,boolean,,,,false,
core/navigation-submenu,url,string,,,,,content
core/navigation-submenu,title,string,,,,,
core/navigation-submenu,kind,string,,,,,
core/navigation-submenu,isTopLevelItem,boolean,,,,,
core/navigation-submenu,isParentSubmenu,boolean,,,,true,
core/navigation-submenu,lock,object,,,,,
core/navigation-submenu,metadata,object,,,,,
core/navigation-submenu,className,string,,,,,
core/navigation-submenu,style,object,,,,,
core/navigation-submenu,fontSize,string,,,,,
core/navigation-submenu,fontFamily,string,,,,,
core/navigation-submenu,anchor,string,,,,,
core/nextpage,lock,object,,,,,
core/nextpage,metadata,object,,,,,
core/page-list,parentPageID,integer,,,,0,
core/page-list,lock,object,,,,,
core/page-list,metadata,object,,,,,
core/page-list,className,string,,,,,
core/page-list,style,object,,,,,
core/page-list,backgroundColor,string,,,,,
core/page-list,textColor,string,,,,,
core/page-list,gradient,string,,,,,
core/page-list,fontSize,string,,,,,
core/page-list,fontFamily,string,,,,,
core/page-list,borderColor,string,,,,,
core/page-list,anchor,string,,,,,
core/page-list-item,id,number,,,,,
core/page-list-item,label,string,,,,,
core/page-list-item,title,string,,,,,
core/page-list-item,link,string,,,,,
core/page-list-item,hasChildren,boolean,,,,,
core/page-list-item,lock,object,,,,,
core/page-list-item,metadata,object,,,,,
core/page-list-item,className,string,,,,,
core/page-list-item,anchor,string,,,,,
core/page-list-item,style,object,,,,,
core/paragraph,content,rich-text,rich-text,p,,,content
core/paragraph,dropCap,boolean,,,,false,
core/paragraph,placeholder,string,,,,,
core/paragraph,direction,string,,,ltr|rtl,,
core/paragraph,lock,object,,,,,
core/paragraph,metadata,object,,,,,
core/paragraph,align,string,,,left|center|right|wide|full|,,
core/paragraph,className,string,,,,,
core/paragraph,style,object,,,,,
core/paragraph,backgroundColor,string,,,,,
core/paragraph,textColor,string,,,,,
core/paragraph,gradient,string,,,,,
core/paragraph,fontSize,string,,,,,
core/paragraph,fontFamily,string,,,,,
core/paragraph,borderColor,string,,,,,
core/paragraph,anchor,string,,,,,
core/pattern,slug,string,,,,,
core/pattern,lock,object,,,,,
core/pattern,metadata,object,,,,,
core/pattern,className,string,,,,,
core/pattern,style,object,,,,,
core/playlist,type,string,,,,audio,
core/playlist,order,string,,,,asc,
core/playlist,showTracklist,boolean,,,,true,
core/playlist,showImages,boolean,,,,true,
core/playlist,showPlayButtonArtwork,boolean,,,,false,
core/playlist,showArtists,boolean,,,,true,
core/playlist,showNumbers,boolean,,,,true,
core/playlist,showTrackLength,boolean,,,,true,
core/playlist,waveformStyle,string,,,bars|mirror|line|blocks|dots|seekbar,bars,
core/playlist,waveformColor,string,,,,,
core/playlist,waveformGradient,string,,,,,
core/playlist,waveformBackgroundColor,string,,,,,
core/playlist,waveformBackgroundGradient,string,,,,,
core/playlist,caption,string,,,,,
core/playlist,lock,object,,,,,
core/playlist,metadata,object,,,,,
core/playlist,align,string,,,left|center|right|wide|full|,,
core/playlist,className,string,,,,,
core/playlist,style,object,,,,,
core/playlist,backgroundColor,string,,,,,
core/playlist,textColor,string,,,,,
core/playlist,gradient,string,,,,,
core/playlist,fontSize,string,,,,,
core/playlist,borderColor,string,,,,,
core/playlist,anchor,string,,,,,
core/playlist-track,blob,string,,,,,local
core/playlist-track,id,number,,,,,
core/playlist-track,src,string,,,,,
core/playlist-track,type,string,,,,audio,
core/playlist-track,album,string,,,,,
core/playlist-track,artist,string,,,,,
core/playlist-track,image,string,,,,,
core/playlist-track,imageAlt,string,,,,,
core/playlist-track,length,string,,,,,
core/playlist-track,title,string,,,,,
core/playlist-track,lock,object,,,,,
core/playlist-track,metadata,object,,,,,
core/playlist-track,className,string,,,,,
core/playlist-track,style,object,,,,,
core/post-author,textAlign,string,,,,,
core/post-author,avatarSize,number,,,,48,
core/post-author,showAvatar,boolean,,,,true,
core/post-author,showBio,boolean,,,,,
core/post-author,byline,string,,,,,
core/post-author,isLink,boolean,,,,false,content
core/post-author,linkTarget,string,,,,_self,content
core/post-author,lock,object,,,,,
core/post-author,metadata,object,,,,,
core/post-author,className,string,,,,,
core/post-author,style,object,,,,,
core/post-author,backgroundColor,string,,,,,
core/post-author,textColor,string,,,,,
core/post-author,gradient,string,,,,,
core/post-author,fontSize,string,,,,,
core/post-author,fontFamily,string,,,,,
core/post-author,borderColor,string,,,,,
core/post-author,anchor,string,,,,,
core/post-author-biography,lock,object,,,,,
core/post-author-biography,metadata,object,,,,,
core/post-author-biography,className,string,,,,,
core/post-author-biography,style,object,,,,,
core/post-author-biography,backgroundColor,string,,,,,
core/post-author-biography,textColor,string,,,,,
core/post-author-biography,gradient,string,,,,,
core/post-author-biography,fontSize,string,,,,,
core/post-author-biography,fontFamily,string,,,,,
core/post-author-biography,borderColor,string,,,,,
core/post-author-biography,anchor,string,,,,,
core/post-author-name,isLink,boolean,,,,false,content
core/post-author-name,linkTarget,string,,,,_self,content
core/post-author-name,lock,object,,,,,
core/post-author-name,metadata,object,,,,,
core/post-author-name,className,string,,,,,
core/post-author-name,style,object,,,,,
core/post-author-name,backgroundColor,string,,,,,
core/post-author-name,textColor,string,,,,,
core/post-author-name,gradient,string,,,,,
core/post-author-name,fontSize,string,,,,,
core/post-author-name,fontFamily,string,,,,,
core/post-author-name,borderColor,string,,,,,
core/post-author-name,anchor,string,,,,,
core/post-comments,textAlign,string,,,,,
core/post-comments,lock,object,,,,,
core/post-comments,metadata,object,,,,,
core/post-comments,align,string,,,left|center|right|wide|full|,,
core/post-comments,className,string,,,,,
core/post-comments,style,object,,,,,
core/post-comments,backgroundColor,string,,,,,
core/post-comments,textColor,string,,,,,
core/post-comments,gradient,string,,,,,
core/post-comments,fontSize,string,,,,,
core/post-comments-count,lock,object,,,,,
core/post-comments-count,metadata,object,,,,,
core/post-comments-count,className,string,,,,,
core/post-comments-count,style,object,,,,,
core/post-comments-count,backgroundColor,string,,,,,
core/post-comments-count,textColor,string,,,,,
core/post-comments-count,gradient,string,,,,,
core/post-comments-count,fontSize,string,,,,,
core/post-comments-count,fontFamily,string,,,,,
core/post-comments-count,borderColor,string,,,,,
core/post-comments-count,anchor,string,,,,,
core/post-comments-form,lock,object,,,,,
core/post-comments-form,metadata,object,,,,,
core/post-comments-form,className,string,,,,,
core/post-comments-form,style,object,,,,,
core/post-comments-form,backgroundColor,string,,,,,
core/post-comments-form,textColor,string,,,,,
core/post-comments-form,gradient,string,,,,,
core/post-comments-form,fontSize,string,,,,,
core/post-comments-form,borderColor,string,,,,,
core/post-comments-form,anchor,string,,,,,
core/post-comments-link,lock,object,,,,,
core/post-comments-link,metadata,object,,,,,
core/post-comments-link,className,string,,,,,
core/post-comments-link,style,object,,,,,
core/post-comments-link,backgroundColor,string,,,,,
core/post-comments-link,fontSize,string,,,,,
core/post-comments-link,fontFamily,string,,,,,
core/post-comments-link,borderColor,string,,,,,
core/post-comments-link,anchor,string,,,,,
core/post-content,tagName,string,,,,div,
core/post-content,lock,object,,,,,
core/post-content,metadata,object,,,,,
core/post-content,align,string,,,left|center|right|wide|full|,,
core/post-content,className,string,,,,,
core/post-content,style,object,,,,,
core/post-content,backgroundColor,string,,,,,
core/post-content,textColor,string,,,,,
core/post-content,gradient,string,,,,,
core/post-content,fontSize,string,,,,,
core/post-content,fontFamily,string,,,,,
core/post-content,borderColor,string,,,,,
core/post-content,layout,object,,,,,
core/post-content,anchor,string,,,,,
core/post-date,datetime,string,,,,,content
core/post-date,format,string,,,,,
core/post-date,isLink,boolean,,,,false,content
core/post-date,lock,object,,,,,
core/post-date,metadata,object,,,,,
core/post-date,className,string,,,,,
core/post-date,style,object,,,,,
core/post-date,backgroundColor,string,,,,,
core/post-date,textColor,string,,,,,
core/post-date,gradient,string,,,,,
core/post-date,fontSize,string,,,,,
core/post-date,fontFamily,string,,,,,
core/post-date,borderColor,string,,,,,
core/post-date,anchor,string,,,,,
core/post-excerpt,moreText,string,,,,,content
core/post-excerpt,showMoreOnNewLine,boolean,,,,true,
core/post-excerpt,excerptLength,number,,,,55,
core/post-excerpt,lock,object,,,,,
core/post-excerpt,metadata,object,,,,,
core/post-excerpt,className,string,,,,,
core/post-excerpt,style,object,,,,,
core/post-excerpt,backgroundColor,string,,,,,
core/post-excerpt,textColor,string,,,,,
core/post-excerpt,gradient,string,,,,,
core/post-excerpt,fontSize,string,,,,,
core/post-excerpt,fontFamily,string,,,,,
core/post-excerpt,borderColor,string,,,,,
core/post-excerpt,anchor,string,,,,,
core/post-featured-image,isLink,boolean,,,,false,content
core/post-featured-image,aspectRatio,string,,,,,
core/post-featured-image,width,string,,,,,
core/post-featured-image,height,string,,,,,
core/post-featured-image,scale,string,,,,cover,
core/post-featured-image,sizeSlug,string,,,,,
core/post-featured-image,rel,string,,,,,content
core/post-featured-image,linkTarget,string,,,,_self,content
core/post-featured-image,overlayColor,string,,,,,
core/post-featured-image,customOverlayColor,string,,,,,
core/post-featured-image,dimRatio,number,,,,0,
core/post-featured-image,gradient,string,,,,,
core/post-featured-image,customGradient,string,,,,,
core/post-featured-image,useFirstImageFromPost,boolean,,,,false,
core/post-featured-image,lock,object,,,,,
core/post-featured-image,metadata,object,,,,,
core/post-featured-image,align,string,,,left|center|right|wide|full|,,
core/post-featured-image,className,string,,,,,
core/post-featured-image,style,object,,,,,
core/post-featured-image,borderColor,string,,,,,
core/post-featured-image,anchor,string,,,,,
core/post-navigation-link,type,string,,,,next,
core/post-navigation-link,label,string,,,,,content
core/post-navigation-link,showTitle,boolean,,,,false,
core/post-navigation-link,linkLabel,boolean,,,,false,
core/post-navigation-link,arrow,string,,,,none,
core/post-navigation-link,taxonomy,string,,,,,
core/post-navigation-link,lock,object,,,,,
core/post-navigation-link,metadata,object,,,,,
core/post-navigation-link,className,string,,,,,
core/post-navigation-link,style,object,,,,,
core/post-navigation-link,backgroundColor,string,,,,,
core/post-navigation-link,textColor,string,,,,,
core/post-navigation-link,fontSize,string,,,,,
core/post-navigation-link,fontFamily,string,,,,,
core/post-navigation-link,anchor,string,,,,,
core/post-template,lock,object,,,,,
core/post-template,metadata,object,,,,,
core/post-template,align,string,,,left|center|right|wide|full|,,
core/post-template,className,string,,,,,
core/post-template,style,object,,,,,
core/post-template,backgroundColor,string,,,,,
core/post-template,textColor,string,,,,,
core/post-template,gradient,string,,,,,
core/post-template,fontSize,string,,,,,
core/post-template,fontFamily,string,,,,,
core/post-template,borderColor,string,,,,,
core/post-template,layout,object,,,,,
core/post-template,anchor,string,,,,,
core/post-terms,term,string,,,,,
core/post-terms,separator,string,,,,", ",
core/post-terms,prefix,string,,,,,content
core/post-terms,suffix,string,,,,,content
core/post-terms,lock,object,,,,,
core/post-terms,metadata,object,,,,,
core/post-terms,className,string,,,,,
core/post-terms,style,object,,,,,
core/post-terms,backgroundColor,string,,,,,
core/post-terms,textColor,string,,,,,
core/post-terms,gradient,string,,,,,
core/post-terms,fontSize,string,,,,,
core/post-terms,fontFamily,string,,,,,
core/post-terms,borderColor,string,,,,,
core/post-terms,anchor,string,,,,,
core/post-time-to-read,displayAsRange,boolean,,,,true,
core/post-time-to-read,displayMode,string,,,,time,
core/post-time-to-read,averageReadingSpeed,number,,,,189,
core/post-time-to-read,lock,object,,,,,
core/post-time-to-read,metadata,object,,,,,
core/post-time-to-read,className,string,,,,,
core/post-time-to-read,style,object,,,,,
core/post-time-to-read,backgroundColor,string,,,,,
core/post-time-to-read,textColor,string,,,,,
core/post-time-to-read,gradient,string,,,,,
core/post-time-to-read,fontSize,string,,,,,
core/post-time-to-read,fontFamily,string,,,,,
core/post-time-to-read,borderColor,string,,,,,
core/post-time-to-read,anchor,string,,,,,
core/post-title,level,number,,,,2,
core/post-title,levelOptions,array,,,,,
core/post-title,isLink,boolean,,,,false,content
core/post-title,rel,string,,,,,content
core/post-title,linkTarget,string,,,,_self,content
core/post-title,placeholder,string,,,,,
core/post-title,lock,object,,,,,
core/post-title,metadata,object,,,,,
core/post-title,align,string,,,left|center|right|wide|full|,,
core/post-title,className,string,,,,,
core/post-title,style,object,,,,,
core/post-title,backgroundColor,string,,,,,
core/post-title,textColor,string,,,,,
core/post-title,gradient,string,,,,,
core/post-title,fontSize,string,,,,,
core/post-title,fontFamily,string,,,,,
core/post-title,borderColor,string,,,,,
core/post-title,anchor,string,,,,,
core/preformatted,content,rich-text,rich-text,pre,,,content
core/preformatted,lock,object,,,,,
core/preformatted,metadata,object,,,,,
core/preformatted,className,string,,,,,
core/preformatted,style,object,,,,,
core/preformatted,backgroundColor,string,,,,,
core/preformatted,textColor,string,,,,,
core/preformatted,gradient,string,,,,,
core/preformatted,fontSize,string,,,,,
core/preformatted,fontFamily,string,,,,,
core/preformatted,borderColor,string,,,,,
core/preformatted,anchor,string,,,,,
core/pullquote,value,rich-text,rich-text,p,,,content
core/pullquote,citation,rich-text,rich-text,cite,,,content
core/pullquote,lock,object,,,,,
core/pullquote,metadata,object,,,,,
core/pullquote,align,string,,,left|center|right|wide|full|,,
core/pullquote,className,string,,,,,
core/pullquote,style,object,,,,,
core/pullquote,backgroundColor,string,,,,,
core/pullquote,textColor,string,,,,,
core/pullquote,gradient,string,,,,,
core/pullquote,fontSize,string,,,,,
core/pullquote,fontFamily,string,,,,,
core/pullquote,borderColor,string,,,,,
core/pullquote,anchor,string,,,,,
core/query,queryId,number,,,,,
core/query,query,object,,,,"{""perPage"": null, ""pages"": 0, ""offset"": 0, ""postType"": ""post"", ""order"": ""desc"", ""orderBy"": ""date"", ""author"": """", ""search"": """", ""exclude"": [], ""sticky"": """", ""inherit"": true, ""taxQuery"": null, ""parents"": [], ""format"": [], ""excludeCurrent"": null}",
core/query,tagName,string,,,,div,
core/query,namespace,string,,,,,
core/query,enhancedPagination,boolean,,,,false,
core/query,lock,object,,,,,
core/query,metadata,object,,,,,
core/query,align,string,,,left|center|right|wide|full|,,
core/query,className,string,,,,,
core/query,layout,object,,,,,
core/query,anchor,string,,,,,
core/query,style,object,,,,,
core/query-no-results,lock,object,,,,,
core/query-no-results,metadata,object,,,,,
core/query-no-results,align,string,,,left|center|right|wide|full|,,
core/query-no-results,className,string,,,,,
core/query-no-results,style,object,,,,,
core/query-no-results,backgroundColor,string,,,,,
core/query-no-results,textColor,string,,,,,
core/query-no-results,gradient,string,,,,,
core/query-no-results,fontSize,string,,,,,
core/query-no-results,fontFamily,string,,,,,
core/query-no-results,anchor,string,,,,,
core/query-pagination,paginationArrow,string,,,,none,
core/query-pagination,showLabel,boolean,,,,true,
core/query-pagination,lock,object,,,,,
core/query-pagination,metadata,object,,,,,
core/query-pagination,align,string,,,left|center|right|wide|full|,,
core/query-pagination,className,string,,,,,
core/query-pagination,style,object,,,,,
core/query-pagination,backgroundColor,string,,,,,
core/query-pagination,textColor,string,,,,,
core/query-pagination,gradient,string,,,,,
core/query-pagination,fontSize,string,,,,,
core/query-pagination,fontFamily,string,,,,,
core/query-pagination,layout,object,,,,,
core/query-pagination,anchor,string,,,,,
core/query-pagination-next,label,string,,,,,
core/query-pagination-next,lock,object,,,,,
core/query-pagination-next,metadata,object,,,,,
core/query-pagination-next,className,string,,,,,
core/query-pagination-next,style,object,,,,,
core/query-pagination-next,backgroundColor,string,,,,,
core/query-pagination-next,gradient,string,,,,,
core/query-pagination-next,fontSize,string,,,,,
core/query-pagination-next,fontFamily,string,,,,,
core/query-pagination-next,anchor,string,,,,,
core/query-pagination-numbers,midSize,number,,,,2,
core/query-pagination-numbers,lock,object,,,,,
core/query-pagination-numbers,metadata,object,,,,,
core/query-pagination-numbers,className,string,,,,,
core/query-pagination-numbers,style,object,,,,,
core/query-pagination-numbers,backgroundColor,string,,,,,
core/query-pagination-numbers,gradient,string,,,,,
core/query-pagination-numbers,fontSize,string,,,,,
core/query-pagination-numbers,fontFamily,string,,,,,
core/query-pagination-numbers,anchor,string,,,,,
core/query-pagination-previous,label,string,,,,,
core/query-pagination-previous,lock,object,,,,,
core/query-pagination-previous,metadata,object,,,,,
core/query-pagination-previous,className,string,,,,,
core/query-pagination-previous,style,object,,,,,
core/query-pagination-previous,backgroundColor,string,,,,,
core/query-pagination-previous,gradient,string,,,,,
core/query-pagination-previous,fontSize,string,,,,,
core/query-pagination-previous,fontFamily,string,,,,,
core/query-pagination-previous,anchor,string,,,,,
core/query-title,type,string,,,,,
core/query-title,level,number,,,,1,
core/query-title,levelOptions,array,,,,,
core/query-title,showPrefix,boolean,,,,true,
core/query-title,showSearchTerm,boolean,,,,true,
core/query-title,lock,object,,,,,
core/query-title,metadata,object,,,,,
core/query-title,align,string,,,left|center|right|wide|full|,,
core/query-title,className,string,,,,,
core/query-title,style,object,,,,,
core/query-title,backgroundColor,string,,,,,
core/query-title,textColor,string,,,,,
core/query-title,gradient,string,,,,,
core/query-title,fontSize,string,,,,,
core/query-title,fontFamily,string,,,,,
core/query-title,borderColor,string,,,,,
core/query-title,anchor,string,,,,,
core/query-total,displayType,string,,,,total-results,
core/query-total,lock,object,,,,,
core/query-total,metadata,object,,,,,
core/query-total,align,string,,,left|center|right|wide|full|,,
core/query-total,className,string,,,,,
core/query-total,style,object,,,,,
core/query-total,backgroundColor,string,,,,,
core/query-total,textColor,string,,,,,
core/query-total,gradient,string,,,,,
core/query-total,fontSize,string,,,,,
core/query-total,fontFamily,string,,,,,
core/query-total,borderColor,string,,,,,
core/query-total,anchor,string,,,,,
core/quote,value,string,html,blockquote,,,content
core/quote,citation,rich-text,rich-text,cite,,,content
core/quote,textAlign,string,,,,,
core/quote,lock,object,,,,,
core/quote,metadata,object,,,,,
core/quote,align,string,,,left|center|right|wide|full|,,
core/quote,className,string,,,,,
core/quote,style,object,,,,,
core/quote,backgroundColor,string,,,,,
core/quote,textColor,string,,,,,
core/quote,gradient,string,,,,,
core/quote,fontSize,string,,,,,
core/quote,fontFamily,string,,,,,
core/quote,borderColor,string,,,,,
core/quote,layout,object,,,,,
core/quote,anchor,string,,,,,
core/read-more,content,string,,,,,content
core/read-more,linkTarget,string,,,,_self,
core/read-more,lock,object,,,,,
core/read-more,metadata,object,,,,,
core/read-more,className,string,,,,,
core/read-more,style,object,,,,,
core/read-more,backgroundColor,string,,,,,
core/read-more,textColor,string,,,,,
core/read-more,gradient,string,,,,,
core/read-more,fontSize,string,,,,,
core/read-more,fontFamily,string,,,,,
core/read-more,borderColor,string,,,,,
core/read-more,anchor,string,,,,,
core/rss,columns,number,,,,2,
core/rss,blockLayout,string,,,,list,
core/rss,feedURL,string,,,,,content
core/rss,itemsToShow,number,,,,5,
core/rss,displayExcerpt,boolean,,,,false,
core/rss,displayAuthor,boolean,,,,false,
core/rss,displayDate,boolean,,,,false,
core/rss,excerptLength,number,,,,55,
core/rss,openInNewTab,boolean,,,,false,
core/rss,rel,string,,,,,
core/rss,lock,object,,,,,
core/rss,metadata,object,,,,,
core/rss,align,string,,,left|center|right|wide|full|,,
core/rss,className,string,,,,,
core/rss,style,object,,,,,
core/rss,backgroundColor,string,,,,,
core/rss,textColor,string,,,,,
core/rss,gradient,string,,,,,
core/rss,borderColor,string,,,,,
core/rss,anchor,string,,,,,
core/search,label,string,,,,,content
core/search,showLabel,boolean,,,,true,
core/search,placeholder,string,,,,,content
core/search,width,number,,,,,
core/search,widthUnit,string,,,,,
core/search,buttonText,string,,,,,content
core/search,buttonPosition,string,,,,button-outside,
core/search,buttonUseIcon,boolean,,,,false,
core/search,query,object,,,,[],
core/search,tagName,string,,,,,
core/search,lock,object,,,,,
core/search,metadata,object,,,,,
core/search,align,string,,,left|center|right|wide|full|,,
core/search,className,string,,,,,
core/search,style,object,,,,,
core/search,backgroundColor,string,,,,,
core/search,textColor,string,,,,,
core/search,gradient,string,,,,,
core/search,fontSize,string,,,,,
core/search,fontFamily,string,,,,,
core/search,borderColor,string,,,,,
core/search,anchor,string,,,,,
core/separator,opacity,string,,,,alpha-channel,
core/separator,tagName,string,,,hr|div,hr,
core/separator,lock,object,,,,,
core/separator,metadata,object,,,,,
core/separator,align,string,,,left|center|right|wide|full|,,
core/separator,className,string,,,,,
core/separator,style,object,,,,,
core/separator,backgroundColor,string,,,,,
core/separator,gradient,string,,,,,
core/separator,anchor,string,,,,,
core/shortcode,text,string,raw,,,,content
core/shortcode,lock,object,,,,,
core/shortcode,metadata,object,,,,,
core/site-logo,width,number,,,,,
core/site-logo,isLink,boolean,,,,true,content
core/site-logo,linkTarget,string,,,,_self,content
core/site-logo,shouldSyncIcon,boolean,,,,,
core/site-logo,lock,object,,,,,
core/site-logo,metadata,object,,,,,
core/site-logo,align,string,,,left|center|right|wide|full|,,
core/site-logo,className,string,,,,,
core/site-logo,style,object,,,,,
core/site-logo,anchor,string,,,,,
core/site-tagline,level,number,,,,0,
core/site-tagline,levelOptions,array,,,,"[0, 1, 2, 3, 4, 5, 6]",
core/site-tagline,lock,object,,,,,
core/site-tagline,metadata,object,,,,,
core/site-tagline,align,string,,,left|center|right|wide|full|,,
core/site-tagline,className,string,,,,,
core/site-tagline,style,object,,,,,
core/site-tagline,backgroundColor,string,,,,,
core/site-tagline,textColor,string,,,,,
core/site-tagline,gradient,string,,,,,
core/site-tagline,fontSize,string,,,,,
core/site-tagline,fontFamily,string,,,,,
core/site-tagline,borderColor,string,,,,,
core/site-tagline,anchor,string,,,,,
core/site-title,level,number,,,,1,
core/site-title,levelOptions,array,,,,"[0, 1, 2, 3, 4, 5, 6]",
core/site-title,isLink,boolean,,,,true,content
core/site-title,linkTarget,string,,,,_self,content
core/site-title,lock,object,,,,,
core/site-title,metadata,object,,,,,
core/site-title,align,string,,,left|center|right|wide|full|,,
core/site-title,className,string,,,,,
core/site-title,style,object,,,,,
core/site-title,backgroundColor,string,,,,,
core/site-title,textColor,string,,,,,
core/site-title,gradient,string,,,,,
core/site-title,fontSize,string,,,,,
core/site-title,fontFamily,string,,,,,
core/site-title,borderColor,string,,,,,
core/site-title,anchor,string,,,,,
core/social-link,url,string,,,,,content
core/social-link,service,string,,,,,
core/social-link,label,string,,,,,content
core/social-link,rel,string,,,,,
core/social-link,lock,object,,,,,
core/social-link,metadata,object,,,,,
core/social-link,className,string,,,,,
core/social-link,anchor,string,,,,,
core/social-link,style,object,,,,,
core/social-links,iconColor,string,,,,,
core/social-links,customIconColor,string,,,,,
core/social-links,iconColorValue,string,,,,,
core/social-links,iconBackgroundColor,string,,,,,
core/social-links,customIconBackgroundColor,string,,,,,
core/social-links,iconBackgroundColorValue,string,,,,,
core/social-links,openInNewTab,boolean,,,,false,
core/social-links,showLabels,boolean,,,,false,
core/social-links,size,string,,,,,
core/social-links,lock,object,,,,,
core/social-links,metadata,object,,,,,
core/social-links,align,string,,,left|center|right|wide|full|,,
core/social-links,className,string,,,,,
core/social-links,style,object,,,,,
core/social-links,backgroundColor,string,,,,,
core/social-links,gradient,string,,,,,
core/social-links,borderColor,string,,,,,
core/social-links,layout,object,,,,,
core/social-links,anchor,string,,,,,
core/spacer,height,string,,,,100px,
core/spacer,width,string,,,,,
core/spacer,lock,object,,,,,
core/spacer,metadata,object,,,,,
core/spacer,className,string,,,,,
core/spacer,style,object,,,,,
core/spacer,anchor,string,,,,,
core/tab-list,tabs,array,query,button,,[],
core/tab-list,lock,object,,,,,
core/tab-list,metadata,object,,,,,
core/tab-list,className,string,,,,,
core/tab-list,style,object,,,,,
core/tab-list,backgroundColor,string,,,,,
core/tab-list,textColor,string,,,,,
core/tab-list,fontSize,string,,,,,
core/tab-list,fontFamily,string,,,,,
core/tab-list,borderColor,string,,,,,
core/tab-list,layout,object,,,,,
core/tab-list,ariaLabel,string,,,,,
core/tab-panel,label,string,,,,,
core/tab-panel,lock,object,,,,,
core/tab-panel,metadata,object,,,,,
core/tab-panel,className,string,,,,,
core/tab-panel,style,object,,,,,
core/tab-panel,backgroundColor,string,,,,,
core/tab-panel,textColor,string,,,,,
core/tab-panel,fontSize,string,,,,,
core/tab-panel,fontFamily,string,,,,,
core/tab-panel,layout,object,,,,,
core/tab-panel,anchor,string,,,,,
core/tab-panels,lock,object,,,,,
core/tab-panels,metadata,object,,,,,
core/tab-panels,className,string,,,,,
core/tab-panels,style,object,,,,,
core/tab-panels,backgroundColor,string,,,,,
core/tab-panels,textColor,string,,,,,
core/tab-panels,fontSize,string,,,,,
core/tab-panels,fontFamily,string,,,,,
core/tab-panels,borderColor,string,,,,,
core/table,hasFixedLayout,boolean,,,,true,
core/table,caption,rich-text,rich-text,figcaption,,,content
core/table,head,array,query,thead tr,,[],
core/table,body,array,query,tbody tr,,[],
core/table,foot,array,query,tfoot tr,,[],
core/table,lock,object,,,,,
core/table,metadata,object,,,,,
core/table,align,string,,,left|center|right|wide|full|,,
core/table,className,string,,,,,
core/table,style,object,,,,,
core/table,backgroundColor,string,,,,,
core/table,textColor,string,,,,,
core/table,gradient,string,,,,,
core/table,fontSize,string,,,,,
core/table,fontFamily,string,,,,,
core/table,borderColor,string,,,,,
core/table,anchor,string,,,,,
core/tabs,activeTabIndex,number,,,,0,
core/tabs,editorActiveTabIndex,number,,,,,local
core/tabs,lock,object,,,,,
core/tabs,metadata,object,,,,,
core/tabs,align,string,,,left|center|right|wide|full|,,
core/tabs,className,string,,,,,
core/tabs,style,object,,,,,
core/tabs,backgroundColor,string,,,,,
core/tabs,textColor,string,,,,,
core/tabs,fontSize,string,,,,,
core/tabs,fontFamily,string,,,,,
core/tabs,layout,object,,,,,
core/tabs,anchor,string,,,,,
core/tag-cloud,numberOfTags,number,,,,45,
core/tag-cloud,taxonomy,string,,,,post_tag,
core/tag-cloud,showTagCounts,boolean,,,,false,
core/tag-cloud,smallestFontSize,string,,,,8pt,
core/tag-cloud,largestFontSize,string,,,,22pt,
core/tag-cloud,lock,object,,,,,
core/tag-cloud,metadata,object,,,,,
core/tag-cloud,align,string,,,left|center|right|wide|full|,,
core/tag-cloud,className,string,,,,,
core/tag-cloud,style,object,,,,,
core/tag-cloud,fontFamily,string,,,,,
core/tag-cloud,borderColor,string,,,,,
core/tag-cloud,anchor,string,,,,,
core/template-part,slug,string,,,,,
core/template-part,theme,string,,,,,
core/template-part,tagName,string,,,,,
core/template-part,area,string,,,,,
core/template-part,lock,object,,,,,
core/template-part,metadata,object,,,,,
core/template-part,align,string,,,left|center|right|wide|full|,,
core/template-part,className,string,,,,,
core/template-part,style,object,,,,,
core/term-count,bracketType,string,,,none|round|square|curly|angle,round,
core/term-count,lock,object,,,,,
core/term-count,metadata,object,,,,,
core/term-count,className,string,,,,,
core/term-count,style,object,,,,,
core/term-count,backgroundColor,string,,,,,
core/term-count,textColor,string,,,,,
core/term-count,gradient,string,,,,,
core/term-count,fontSize,string,,,,,
core/term-count,fontFamily,string,,,,,
core/term-count,borderColor,string,,,,,
core/term-count,anchor,string,,,,,
core/term-description,lock,object,,,,,
core/term-description,metadata,object,,,,,
core/term-description,align,string,,,left|center|right|wide|full|,,
core/term-description,className,string,,,,,
core/term-description,style,object,,,,,
core/term-description,backgroundColor,string,,,,,
core/term-description,textColor,string,,,,,
core/term-description,fontSize,string,,,,,
core/term-description,fontFamily,string,,,,,
core/term-description,borderColor,string,,,,,
core/term-description,anchor,string,,,,,
core/term-name,level,number,,,,0,
core/term-name,isLink,boolean,,,,false,
core/term-name,levelOptions,array,,,,,
core/term-name,lock,object,,,,,
core/term-name,metadata,object,,,,,
core/term-name,align,string,,,left|center|right|wide|full|,,
core/term-name,className,string,,,,,
core/term-name,style,object,,,,,
core/term-name,backgroundColor,string,,,,,
core/term-name,textColor,string,,,,,
core/term-name,gradient,string,,,,,
core/term-name,fontSize,string,,,,,
core/term-name,fontFamily,string,,,,,
core/term-name,borderColor,string,,,,,
core/term-name,anchor,string,,,,,
core/term-template,lock,object,,,,,
core/term-template,metadata,object,,,,,
core/term-template,align,string,,,left|center|right|wide|full|,,
core/term-template,className,string,,,,,
core/term-template,style,object,,,,,
core/term-template,backgroundColor,string,,,,,
core/term-template,textColor,string,,,,,
core/term-template,gradient,string,,,,,
core/term-template,fontSize,string,,,,,
core/term-template,fontFamily,string,,,,,
core/term-template,borderColor,string,,,,,
core/term-template,layout,object,,,,,
core/term-template,anchor,string,,,,,
core/terms-query,termQuery,object,,,,"{""perPage"": 10, ""taxonomy"": ""category"", ""order"": ""asc"", ""orderBy"": ""name"", ""include"": [], ""hideEmpty"": true, ""showNested"": false, ""inherit"": false}",
core/terms-query,tagName,string,,,,div,
core/terms-query,lock,object,,,,,
core/terms-query,metadata,object,,,,,
core/terms-query,align,string,,,left|center|right|wide|full|,,
core/terms-query,className,string,,,,,
core/terms-query,layout,object,,,,,
core/terms-query,anchor,string,,,,,
core/terms-query,style,object,,,,,
core/text-columns,content,array,query,p,,"[[], []]",
core/text-columns,columns,number,,,,2,
core/text-columns,width,string,,,,,
core/text-columns,lock,object,,,,,
core/text-columns,metadata,object,,,,,
core/text-columns,className,string,,,,,
core/text-columns,style,object,,,,,
core/verse,content,rich-text,rich-text,pre,,,content
core/verse,lock,object,,,,,
core/verse,metadata,object,,,,,
core/verse,className,string,,,,,
core/verse,style,object,,,,,
core/verse,backgroundColor,string,,,,,
core/verse,textColor,string,,,,,
core/verse,gradient,string,,,,,
core/verse,fontSize,string,,,,,
core/verse,fontFamily,string,,,,,
core/verse,borderColor,string,,,,,
core/verse,anchor,string,,,,,
core/video,autoplay,boolean,attribute,video,,,
core/video,caption,rich-text,rich-text,figcaption,,,content
core/video,controls,boolean,attribute,video,,true,
core/video,id,number,,,,,content
core/video,loop,boolean,attribute,video,,,
core/video,muted,boolean,attribute,video,,,
core/video,poster,string,attribute,video,,,
core/video,preload,string,attribute,video,,metadata,
core/video,blob,string,,,,,local
core/video,src,string,attribute,video,,,content
core/video,width,number,,,,,
core/video,height,number,,,,,
core/video,playsInline,boolean,attribute,video,,,
core/video,tracks,array,,,,[],content
core/video,lock,object,,,,,
core/video,metadata,object,,,,,
core/video,align,string,,,left|center|right|wide|full|,,
core/video,className,string,,,,,
core/video,style,object,,,,,
core/video,anchor,string,,,,,
core/widget-group,title,string,,,,,
core/widget-group,lock,object,,,,,
core/widget-group,metadata,object,,,,,
core/widget-group,className,string,,,,,
core/widget-group,style,object,,,,,
moksafocou/coupon-cards,limit,number,,,,20,
moksafocou/coupon-cards,lock,object,,,,,
moksafocou/coupon-cards,metadata,object,,,,,
moksafocou/coupon-cards,align,string,,,left|center|right|wide|full|,,
moksafocou/coupon-cards,className,string,,,,,
moksafocou/coupon-cards,style,object,,,,,
moksafopoi/balance,lock,object,,,,,
moksafopoi/balance,metadata,object,,,,,
moksafopoi/balance,className,string,,,,,
moksafopoi/balance,style,object,,,,,
moksafopoi/how-to-earn,lock,object,,,,,
moksafopoi/how-to-earn,metadata,object,,,,,
moksafopoi/how-to-earn,className,string,,,,,
moksafopoi/how-to-earn,style,object,,,,,
moksafopoi/leaderboard,lock,object,,,,,
moksafopoi/leaderboard,metadata,object,,,,,
moksafopoi/leaderboard,className,string,,,,,
moksafopoi/leaderboard,style,object,,,,,
moksafopoi/mall,lock,object,,,,,
moksafopoi/mall,metadata,object,,,,,
moksafopoi/mall,className,string,,,,,
moksafopoi/mall,style,object,,,,,
moksafopoi/quests,lock,object,,,,,
moksafopoi/quests,metadata,object,,,,,
moksafopoi/quests,className,string,,,,,
moksafopoi/quests,style,object,,,,,
moksafopoi/tier,lock,object,,,,,
moksafopoi/tier,metadata,object,,,,,
moksafopoi/tier,className,string,,,,,
moksafopoi/tier,style,object,,,,,
woocommerce/accordion-group,iconPosition,string,,,,right,
woocommerce/accordion-group,autoclose,boolean,,,,false,
woocommerce/accordion-group,allowedBlocks,array,,,,,
woocommerce/accordion-group,lock,object,,,,,
woocommerce/accordion-group,metadata,object,,,,,
woocommerce/accordion-group,align,string,,,left|center|right|wide|full|,,
woocommerce/accordion-group,className,string,,,,,
woocommerce/accordion-group,style,object,,,,,
woocommerce/accordion-group,backgroundColor,string,,,,,
woocommerce/accordion-group,textColor,string,,,,,
woocommerce/accordion-group,borderColor,string,,,,,
woocommerce/accordion-group,layout,object,,,,,
woocommerce/accordion-header,openByDefault,boolean,,,,false,
woocommerce/accordion-header,title,rich-text,rich-text,span,,,
woocommerce/accordion-header,level,number,,,,3,
woocommerce/accordion-header,levelOptions,array,,,,,
woocommerce/accordion-header,textAlignment,string,,,,left,
woocommerce/accordion-header,icon,string|boolean,,,plus|chevron|chevronRight|caret|circlePlus|False,plus,
woocommerce/accordion-header,iconPosition,string,,,left|right,right,
woocommerce/accordion-header,lock,object,,,,,
woocommerce/accordion-header,metadata,object,,,,,
woocommerce/accordion-header,className,string,,,,,
woocommerce/accordion-header,style,object,,,,,
woocommerce/accordion-header,backgroundColor,string,,,,,
woocommerce/accordion-header,textColor,string,,,,,
woocommerce/accordion-header,fontSize,string,,,,,
woocommerce/accordion-header,fontFamily,string,,,,,
woocommerce/accordion-header,borderColor,string,,,,,
woocommerce/accordion-header,layout,object,,,,,
woocommerce/accordion-header,anchor,string,,,,,
woocommerce/accordion-item,openByDefault,boolean,,,,false,
woocommerce/accordion-item,lock,object,,,,,
woocommerce/accordion-item,metadata,object,,,,,
woocommerce/accordion-item,align,string,,,left|center|right|wide|full|,,
woocommerce/accordion-item,className,string,,,,,
woocommerce/accordion-item,style,object,,,,,
woocommerce/accordion-item,backgroundColor,string,,,,,
woocommerce/accordion-item,textColor,string,,,,,
woocommerce/accordion-item,borderColor,string,,,,,
woocommerce/accordion-item,layout,object,,,,,
woocommerce/accordion-panel,allowedBlocks,array,,,,,
woocommerce/accordion-panel,templateLock,string|boolean,,,all|insert|contentOnly|False,false,
woocommerce/accordion-panel,openByDefault,boolean,,,,false,
woocommerce/accordion-panel,isSelected,boolean,,,,false,
woocommerce/accordion-panel,lock,object,,,,,
woocommerce/accordion-panel,metadata,object,,,,,
woocommerce/accordion-panel,className,string,,,,,
woocommerce/accordion-panel,style,object,,,,,
woocommerce/accordion-panel,backgroundColor,string,,,,,
woocommerce/accordion-panel,textColor,string,,,,,
woocommerce/accordion-panel,fontSize,string,,,,,
woocommerce/accordion-panel,fontFamily,string,,,,,
woocommerce/accordion-panel,borderColor,string,,,,,
woocommerce/accordion-panel,layout,object,,,,,
woocommerce/active-filters,displayStyle,string,,,,list,
woocommerce/active-filters,headingLevel,number,,,,3,
woocommerce/active-filters,lock,object,,,,,
woocommerce/active-filters,metadata,object,,,,,
woocommerce/active-filters,className,string,,,,,
woocommerce/active-filters,style,object,,,,,
woocommerce/active-filters,textColor,string,,,,,
woocommerce/add-to-cart-form,quantitySelectorStyle,string,,,input|stepper,input,
woocommerce/add-to-cart-form,lock,object,,,,,
woocommerce/add-to-cart-form,metadata,object,,,,,
woocommerce/add-to-cart-form,className,string,,,,,
woocommerce/add-to-cart-form,style,object,,,,,
woocommerce/all-products,columns,number,,,,,
woocommerce/all-products,rows,number,,,,,
woocommerce/all-products,alignButtons,boolean,,,,,
woocommerce/all-products,contentVisibility,object,,,,,
woocommerce/all-products,orderby,string,,,,,
woocommerce/all-products,layoutConfig,array,,,,,
woocommerce/all-products,isPreview,boolean,,,,false,
woocommerce/all-products,lock,object,,,,,
woocommerce/all-products,metadata,object,,,,,
woocommerce/all-products,align,string,,,left|center|right|wide|full|,,
woocommerce/all-products,className,string,,,,,
woocommerce/all-products,style,object,,,,,
woocommerce/all-reviews,lock,object,,,,,
woocommerce/all-reviews,metadata,object,,,,,
woocommerce/all-reviews,className,string,,,,,
woocommerce/all-reviews,style,object,,,,,
woocommerce/all-reviews,textColor,string,,,,,
woocommerce/all-reviews,fontSize,string,,,,,
woocommerce/attribute-filter,className,string,,,,,
woocommerce/attribute-filter,attributeId,number,,,,0,
woocommerce/attribute-filter,showCounts,boolean,,,,false,
woocommerce/attribute-filter,queryType,string,,,,or,
woocommerce/attribute-filter,headingLevel,number,,,,3,
woocommerce/attribute-filter,displayStyle,string,,,,list,
woocommerce/attribute-filter,showFilterButton,boolean,,,,false,
woocommerce/attribute-filter,selectType,string,,,,multiple,
woocommerce/attribute-filter,isPreview,boolean,,,,false,
woocommerce/attribute-filter,lock,object,,,,,
woocommerce/attribute-filter,metadata,object,,,,,
woocommerce/attribute-filter,style,object,,,,,
woocommerce/attribute-filter,textColor,string,,,,,
woocommerce/breadcrumbs,contentJustification,string,,,,,
woocommerce/breadcrumbs,fontSize,string,,,,small,
woocommerce/breadcrumbs,align,string,,,,wide,
woocommerce/breadcrumbs,lock,object,,,,,
woocommerce/breadcrumbs,metadata,object,,,,,
woocommerce/breadcrumbs,className,string,,,,,
woocommerce/breadcrumbs,style,object,,,,,
woocommerce/breadcrumbs,textColor,string,,,,,
woocommerce/breadcrumbs,fontFamily,string,,,,,
woocommerce/cart,lock,object,,,,,
woocommerce/cart,metadata,object,,,,,
woocommerce/cart,className,string,,,,,
woocommerce/cart,style,object,,,,,
woocommerce/cart-accepted-payment-methods-block,lock,object,,,,,
woocommerce/cart-accepted-payment-methods-block,metadata,object,,,,,
woocommerce/cart-accepted-payment-methods-block,className,string,,,,,
woocommerce/cart-accepted-payment-methods-block,style,object,,,,,
woocommerce/cart-cross-sells-block,lock,object,,,,,
woocommerce/cart-cross-sells-block,metadata,object,,,,,
woocommerce/cart-cross-sells-block,className,string,,,,,
woocommerce/cart-cross-sells-block,style,object,,,,,
woocommerce/cart-cross-sells-products-block,columns,number,,,,3,
woocommerce/cart-cross-sells-products-block,lock,object,,,,"{""remove"": true, ""move"": true}",
woocommerce/cart-cross-sells-products-block,metadata,object,,,,,
woocommerce/cart-cross-sells-products-block,className,string,,,,,
woocommerce/cart-cross-sells-products-block,style,object,,,,,
woocommerce/cart-express-payment-block,showButtonStyles,boolean,,,,false,
woocommerce/cart-express-payment-block,buttonHeight,string,,,,48,
woocommerce/cart-express-payment-block,buttonBorderRadius,string,,,,4,
woocommerce/cart-express-payment-block,lock,object,,,,"{""remove"": true, ""move"": true}",
woocommerce/cart-express-payment-block,metadata,object,,,,,
woocommerce/cart-express-payment-block,className,string,,,,,
woocommerce/cart-express-payment-block,style,object,,,,,
woocommerce/cart-items-block,lock,object,,,,"{""remove"": true, ""move"": true}",
woocommerce/cart-items-block,metadata,object,,,,,
woocommerce/cart-items-block,className,string,,,,,
woocommerce/cart-items-block,style,object,,,,,
woocommerce/cart-line-items-block,lock,object,,,,"{""remove"": true, ""move"": true}",
woocommerce/cart-line-items-block,metadata,object,,,,,
woocommerce/cart-line-items-block,className,string,,,,,
woocommerce/cart-line-items-block,style,object,,,,,
woocommerce/cart-link,cartIcon,string,,,,cart,
woocommerce/cart-link,content,string,,,,,
woocommerce/cart-link,lock,object,,,,,
woocommerce/cart-link,metadata,object,,,,,
woocommerce/cart-link,className,string,,,,,
woocommerce/cart-link,style,object,,,,,
woocommerce/cart-link,backgroundColor,string,,,,,
woocommerce/cart-link,fontSize,string,,,,,
woocommerce/cart-order-summary-block,lock,object,,,,"{""remove"": true, ""move"": true}",
woocommerce/cart-order-summary-block,metadata,object,,,,,
woocommerce/cart-order-summary-block,className,string,,,,,
woocommerce/cart-order-summary-block,style,object,,,,,
woocommerce/cart-order-summary-coupon-form-block,className,string,,,,,
woocommerce/cart-order-summary-coupon-form-block,lock,object,,,,"{""remove"": false, ""move"": false}",
woocommerce/cart-order-summary-coupon-form-block,metadata,object,,,,,
woocommerce/cart-order-summary-coupon-form-block,style,object,,,,,
woocommerce/cart-order-summary-discount-block,className,string,,,,,
woocommerce/cart-order-summary-discount-block,lock,object,,,,"{""remove"": true, ""move"": true}",
woocommerce/cart-order-summary-discount-block,metadata,object,,,,,
woocommerce/cart-order-summary-discount-block,style,object,,,,,
woocommerce/cart-order-summary-fee-block,className,string,,,,,
woocommerce/cart-order-summary-fee-block,lock,object,,,,"{""remove"": true, ""move"": true}",
woocommerce/cart-order-summary-fee-block,metadata,object,,,,,
woocommerce/cart-order-summary-fee-block,style,object,,,,,
woocommerce/cart-order-summary-heading-block,className,string,,,,,
woocommerce/cart-order-summary-heading-block,content,string,,,,Cart totals,
woocommerce/cart-order-summary-heading-block,lock,object,,,,"{""remove"": false, ""move"": false}",
woocommerce/cart-order-summary-heading-block,metadata,object,,,,,
woocommerce/cart-order-summary-heading-block,style,object,,,,,
woocommerce/cart-order-summary-shipping-block,lock,object,,,,"{""remove"": true, ""move"": true}",
woocommerce/cart-order-summary-shipping-block,metadata,object,,,,,
woocommerce/cart-order-summary-shipping-block,className,string,,,,,
woocommerce/cart-order-summary-shipping-block,style,object,,,,,
woocommerce/cart-order-summary-subtotal-block,className,string,,,,,
woocommerce/cart-order-summary-subtotal-block,lock,object,,,,"{""remove"": true, ""move"": true}",
woocommerce/cart-order-summary-subtotal-block,metadata,object,,,,,
woocommerce/cart-order-summary-subtotal-block,style,object,,,,,
woocommerce/cart-order-summary-taxes-block,className,string,,,,,
woocommerce/cart-order-summary-taxes-block,lock,object,,,,"{""remove"": true, ""move"": true}",
woocommerce/cart-order-summary-taxes-block,metadata,object,,,,,
woocommerce/cart-order-summary-taxes-block,style,object,,,,,
woocommerce/cart-order-summary-totals-block,className,string,,,,,
woocommerce/cart-order-summary-totals-block,lock,object,,,,"{""remove"": true, ""move"": false}",
woocommerce/cart-order-summary-totals-block,metadata,object,,,,,
woocommerce/cart-order-summary-totals-block,style,object,,,,,
woocommerce/cart-totals-block,checkbox,boolean,,,,false,
woocommerce/cart-totals-block,text,string,,,,,
woocommerce/cart-totals-block,lock,object,,,,"{""remove"": true}",
woocommerce/cart-totals-block,metadata,object,,,,,
woocommerce/cart-totals-block,className,string,,,,,
woocommerce/cart-totals-block,style,object,,,,,
woocommerce/catalog-sorting,fontSize,string,,,,small,
woocommerce/catalog-sorting,useLabel,boolean,,,,false,
woocommerce/catalog-sorting,lock,object,,,,,
woocommerce/catalog-sorting,metadata,object,,,,,
woocommerce/catalog-sorting,className,string,,,,,
woocommerce/catalog-sorting,style,object,,,,,
woocommerce/catalog-sorting,textColor,string,,,,,
woocommerce/category-description,textAlign,string,,,,,
woocommerce/category-description,lock,object,,,,,
woocommerce/category-description,metadata,object,,,,,
woocommerce/category-description,className,string,,,,,
woocommerce/category-description,style,object,,,,,
woocommerce/category-description,backgroundColor,string,,,,,
woocommerce/category-description,textColor,string,,,,,
woocommerce/category-title,isLink,boolean,,,,false,
woocommerce/category-title,level,number,,,,2,
woocommerce/category-title,linkTarget,string,,,,_self,
woocommerce/category-title,rel,string,,,,,
woocommerce/category-title,textAlign,string,,,,,
woocommerce/category-title,lock,object,,,,,
woocommerce/category-title,metadata,object,,,,,
woocommerce/category-title,className,string,,,,,
woocommerce/category-title,style,object,,,,,
woocommerce/category-title,backgroundColor,string,,,,,
woocommerce/category-title,textColor,string,,,,,
woocommerce/checkout,align,string,,,,wide,
woocommerce/checkout,showFormStepNumbers,boolean,,,,false,
woocommerce/checkout,lock,object,,,,,
woocommerce/checkout,metadata,object,,,,,
woocommerce/checkout,className,string,,,,,
woocommerce/checkout,style,object,,,,,
woocommerce/checkout-actions-block,lock,object,,,,"{""remove"": true, ""move"": true}",
woocommerce/checkout-actions-block,cartPageId,number,,,,0,
woocommerce/checkout-actions-block,showReturnToCart,boolean,,,,false,
woocommerce/checkout-actions-block,className,string,,,,,
woocommerce/checkout-actions-block,priceSeparator,string,,,,·,
woocommerce/checkout-actions-block,metadata,object,,,,,
woocommerce/checkout-actions-block,style,object,,,,,
woocommerce/checkout-additional-information-block,className,string,,,,,
woocommerce/checkout-additional-information-block,lock,object,,,,"{""remove"": true, ""move"": false}",
woocommerce/checkout-additional-information-block,metadata,object,,,,,
woocommerce/checkout-additional-information-block,style,object,,,,,
woocommerce/checkout-billing-address-block,lock,object,,,,"{""remove"": true, ""move"": true}",
woocommerce/checkout-billing-address-block,metadata,object,,,,,
woocommerce/checkout-billing-address-block,className,string,,,,,
woocommerce/checkout-billing-address-block,style,object,,,,,
woocommerce/checkout-contact-information-block,lock,object,,,,"{""remove"": true, ""move"": true}",
woocommerce/checkout-contact-information-block,metadata,object,,,,,
woocommerce/checkout-contact-information-block,className,string,,,,,
woocommerce/checkout-contact-information-block,style,object,,,,,
woocommerce/checkout-express-payment-block,showButtonStyles,boolean,,,,false,
woocommerce/checkout-express-payment-block,buttonHeight,string,,,,48,
woocommerce/checkout-express-payment-block,buttonBorderRadius,string,,,,4,
woocommerce/checkout-express-payment-block,className,string,,,,,
woocommerce/checkout-express-payment-block,lock,object,,,,"{""remove"": true, ""move"": true}",
woocommerce/checkout-express-payment-block,metadata,object,,,,,
woocommerce/checkout-express-payment-block,style,object,,,,,
woocommerce/checkout-fields-block,className,string,,,,,
woocommerce/checkout-fields-block,lock,object,,,,"{""remove"": true, ""move"": true}",
woocommerce/checkout-fields-block,metadata,object,,,,,
woocommerce/checkout-fields-block,style,object,,,,,
woocommerce/checkout-order-note-block,className,string,,,,,
woocommerce/checkout-order-note-block,lock,object,,,,"{""remove"": false, ""move"": true}",
woocommerce/checkout-order-note-block,metadata,object,,,,,
woocommerce/checkout-order-note-block,style,object,,,,,
woocommerce/checkout-order-summary-block,lock,object,,,,"{""remove"": true}",
woocommerce/checkout-order-summary-block,metadata,object,,,,,
woocommerce/checkout-order-summary-block,className,string,,,,,
woocommerce/checkout-order-summary-block,style,object,,,,,
woocommerce/checkout-order-summary-cart-items-block,className,string,,,,,
woocommerce/checkout-order-summary-cart-items-block,disableProductDescriptions,boolean,,,,false,
woocommerce/checkout-order-summary-cart-items-block,lock,object,,,,"{""remove"": true, ""move"": false}",
woocommerce/checkout-order-summary-cart-items-block,metadata,object,,,,,
woocommerce/checkout-order-summary-cart-items-block,style,object,,,,,
woocommerce/checkout-order-summary-coupon-form-block,className,string,,,,,
woocommerce/checkout-order-summary-coupon-form-block,lock,object,,,,"{""remove"": false, ""move"": false}",
woocommerce/checkout-order-summary-coupon-form-block,metadata,object,,,,,
woocommerce/checkout-order-summary-coupon-form-block,style,object,,,,,
woocommerce/checkout-order-summary-discount-block,className,string,,,,,
woocommerce/checkout-order-summary-discount-block,lock,object,,,,"{""remove"": true, ""move"": true}",
woocommerce/checkout-order-summary-discount-block,metadata,object,,,,,
woocommerce/checkout-order-summary-discount-block,style,object,,,,,
woocommerce/checkout-order-summary-fee-block,className,string,,,,,
woocommerce/checkout-order-summary-fee-block,lock,object,,,,"{""remove"": true, ""move"": true}",
woocommerce/checkout-order-summary-fee-block,metadata,object,,,,,
woocommerce/checkout-order-summary-fee-block,style,object,,,,,
woocommerce/checkout-order-summary-shipping-block,lock,object,,,,"{""remove"": true, ""move"": true}",
woocommerce/checkout-order-summary-shipping-block,metadata,object,,,,,
woocommerce/checkout-order-summary-shipping-block,className,string,,,,,
woocommerce/checkout-order-summary-shipping-block,style,object,,,,,
woocommerce/checkout-order-summary-subtotal-block,className,string,,,,,
woocommerce/checkout-order-summary-subtotal-block,lock,object,,,,"{""remove"": true, ""move"": true}",
woocommerce/checkout-order-summary-subtotal-block,metadata,object,,,,,
woocommerce/checkout-order-summary-subtotal-block,style,object,,,,,
woocommerce/checkout-order-summary-taxes-block,className,string,,,,,
woocommerce/checkout-order-summary-taxes-block,lock,object,,,,"{""remove"": true, ""move"": true}",
woocommerce/checkout-order-summary-taxes-block,metadata,object,,,,,
woocommerce/checkout-order-summary-taxes-block,style,object,,,,,
woocommerce/checkout-order-summary-totals-block,className,string,,,,,
woocommerce/checkout-order-summary-totals-block,lock,object,,,,"{""remove"": true, ""move"": false}",
woocommerce/checkout-order-summary-totals-block,metadata,object,,,,,
woocommerce/checkout-order-summary-totals-block,style,object,,,,,
woocommerce/checkout-payment-block,lock,object,,,,"{""remove"": true, ""move"": true}",
woocommerce/checkout-payment-block,metadata,object,,,,,
woocommerce/checkout-payment-block,className,string,,,,,
woocommerce/checkout-payment-block,style,object,,,,,
woocommerce/checkout-pickup-options-block,lock,object,,,,"{""remove"": true, ""move"": true}",
woocommerce/checkout-pickup-options-block,metadata,object,,,,,
woocommerce/checkout-pickup-options-block,className,string,,,,,
woocommerce/checkout-pickup-options-block,style,object,,,,,
woocommerce/checkout-shipping-address-block,lock,object,,,,"{""remove"": true, ""move"": true}",
woocommerce/checkout-shipping-address-block,metadata,object,,,,,
woocommerce/checkout-shipping-address-block,className,string,,,,,
woocommerce/checkout-shipping-address-block,style,object,,,,,
woocommerce/checkout-shipping-method-block,lock,object,,,,"{""remove"": true, ""move"": true}",
woocommerce/checkout-shipping-method-block,metadata,object,,,,,
woocommerce/checkout-shipping-method-block,className,string,,,,,
woocommerce/checkout-shipping-method-block,style,object,,,,,
woocommerce/checkout-shipping-methods-block,lock,object,,,,"{""remove"": true, ""move"": true}",
woocommerce/checkout-shipping-methods-block,metadata,object,,,,,
woocommerce/checkout-shipping-methods-block,className,string,,,,,
woocommerce/checkout-shipping-methods-block,style,object,,,,,
woocommerce/checkout-terms-block,className,string,,,,,
woocommerce/checkout-terms-block,checkbox,boolean,,,,false,
woocommerce/checkout-terms-block,text,string,,,,,
woocommerce/checkout-terms-block,showSeparator,boolean,,,,true,
woocommerce/checkout-terms-block,lock,object,,,,,
woocommerce/checkout-terms-block,metadata,object,,,,,
woocommerce/checkout-terms-block,style,object,,,,,
woocommerce/checkout-totals-block,className,string,,,,,
woocommerce/checkout-totals-block,checkbox,boolean,,,,false,
woocommerce/checkout-totals-block,text,string,,,,,
woocommerce/checkout-totals-block,lock,object,,,,,
woocommerce/checkout-totals-block,metadata,object,,,,,
woocommerce/checkout-totals-block,style,object,,,,,
woocommerce/classic-shortcode,shortcode,string,,,cart|checkout,cart,
woocommerce/classic-shortcode,align,string,,,,wide,
woocommerce/classic-shortcode,lock,object,,,,,
woocommerce/classic-shortcode,metadata,object,,,,,
woocommerce/classic-shortcode,className,string,,,,,
woocommerce/classic-shortcode,style,object,,,,,
woocommerce/coming-soon,color,string,,,,,
woocommerce/coming-soon,storeOnly,boolean,,,,false,
woocommerce/coming-soon,comingSoonPatternId,string,,,,,
woocommerce/coming-soon,lock,object,,,,,
woocommerce/coming-soon,metadata,object,,,,,
woocommerce/coming-soon,className,string,,,,,
woocommerce/coming-soon,style,object,,,,,
woocommerce/coming-soon,backgroundColor,string,,,,,
woocommerce/coming-soon,textColor,string,,,,,
woocommerce/coupon-code,couponCode,string,,,,,
woocommerce/coupon-code,source,string,,,createNew|existing,createNew,
woocommerce/coupon-code,discountType,string,,,,percent,
woocommerce/coupon-code,amount,number,,,,10,
woocommerce/coupon-code,expiryDay,number,,,,10,
woocommerce/coupon-code,freeShipping,boolean,,,,false,
woocommerce/coupon-code,usageLimit,number,,,,0,
woocommerce/coupon-code,usageLimitPerUser,number,,,,0,
woocommerce/coupon-code,minimumAmount,string,,,,,
woocommerce/coupon-code,maximumAmount,string,,,,,
woocommerce/coupon-code,individualUse,boolean,,,,false,
woocommerce/coupon-code,excludeSaleItems,boolean,,,,false,
woocommerce/coupon-code,productIds,array,,,,[],
woocommerce/coupon-code,excludedProductIds,array,,,,[],
woocommerce/coupon-code,productCategoryIds,array,,,,[],
woocommerce/coupon-code,excludedProductCategoryIds,array,,,,[],
woocommerce/coupon-code,emailRestrictions,string,,,,,
woocommerce/coupon-code,lock,object,,,,,
woocommerce/coupon-code,metadata,object,,,,,
woocommerce/coupon-code,align,string,,,left|center|right|wide|full|,,
woocommerce/coupon-code,className,string,,,,,
woocommerce/coupon-code,style,object,,,,,
woocommerce/coupon-code,backgroundColor,string,,,,,
woocommerce/coupon-code,textColor,string,,,,,
woocommerce/coupon-code,fontSize,string,,,,,
woocommerce/coupon-code,borderColor,string,,,,,
woocommerce/customer-account,displayStyle,string,,,,icon_and_text,
woocommerce/customer-account,hasDropdownNavigation,boolean,,,,false,
woocommerce/customer-account,iconStyle,string,,,,default,
woocommerce/customer-account,iconClass,string,,,,icon,
woocommerce/customer-account,lock,object,,,,,
woocommerce/customer-account,metadata,object,,,,,
woocommerce/customer-account,align,string,,,left|center|right|wide|full|,,
woocommerce/customer-account,className,string,,,,,
woocommerce/customer-account,style,object,,,,,
woocommerce/customer-account,backgroundColor,string,,,,,
woocommerce/customer-account,textColor,string,,,,,
woocommerce/customer-account,fontSize,string,,,,,
woocommerce/customer-account,fontFamily,string,,,,,
woocommerce/dropdown,lock,object,,,,,
woocommerce/dropdown,metadata,object,,,,,
woocommerce/dropdown,className,string,,,,,
woocommerce/dropdown,style,object,,,,,
woocommerce/email-content,emailType,string,,,,,
woocommerce/email-content,postId,integer,,,,,
woocommerce/email-content,lock,object,,,,,
woocommerce/email-content,metadata,object,,,,,
woocommerce/email-content,className,string,,,,,
woocommerce/email-content,style,object,,,,,
woocommerce/empty-cart-block,lock,object,,,,"{""remove"": true, ""move"": true}",
woocommerce/empty-cart-block,metadata,object,,,,,
woocommerce/empty-cart-block,align,string,,,left|center|right|wide|full|,,
woocommerce/empty-cart-block,className,string,,,,,
woocommerce/empty-cart-block,style,object,,,,,
woocommerce/empty-mini-cart-contents-block,lock,object,,,,"{""remove"": true, ""move"": true}",
woocommerce/empty-mini-cart-contents-block,metadata,object,,,,,
woocommerce/empty-mini-cart-contents-block,className,string,,,,,
woocommerce/empty-mini-cart-contents-block,style,object,,,,,
woocommerce/featured-category,alt,string,,,,,
woocommerce/featured-category,contentAlign,string,,,,center,
woocommerce/featured-category,dimRatio,number,,,,50,
woocommerce/featured-category,focalPoint,object,,,,"{""x"": 0.5, ""y"": 0.5}",
woocommerce/featured-category,imageFit,string,,,,none,
woocommerce/featured-category,hasParallax,boolean,,,,false,
woocommerce/featured-category,isRepeated,boolean,,,,false,
woocommerce/featured-category,mediaId,number,,,,0,
woocommerce/featured-category,mediaSrc,string,,,,,
woocommerce/featured-category,minHeight,number,,,,500,
woocommerce/featured-category,linkText,string,,,,Shop now,
woocommerce/featured-category,categoryId,number,,,,,
woocommerce/featured-category,overlayColor,string,,,,#000000,
woocommerce/featured-category,overlayGradient,string,,,,,
woocommerce/featured-category,previewCategory,object,,,,,
woocommerce/featured-category,lock,object,,,,,
woocommerce/featured-category,metadata,object,,,,,
woocommerce/featured-category,align,string,,,left|center|right|wide|full|,,
woocommerce/featured-category,className,string,,,,,
woocommerce/featured-category,style,object,,,,,
woocommerce/featured-category,backgroundColor,string,,,,,
woocommerce/featured-category,textColor,string,,,,,
woocommerce/featured-category,borderColor,string,,,,,
woocommerce/featured-category,ariaLabel,string,,,,,
woocommerce/featured-product,alt,string,,,,,
woocommerce/featured-product,contentAlign,string,,,,center,
woocommerce/featured-product,dimRatio,number,,,,50,
woocommerce/featured-product,focalPoint,object,,,,"{""x"": 0.5, ""y"": 0.5}",
woocommerce/featured-product,imageFit,string,,,,none,
woocommerce/featured-product,hasParallax,boolean,,,,false,
woocommerce/featured-product,isRepeated,boolean,,,,false,
woocommerce/featured-product,mediaId,number,,,,0,
woocommerce/featured-product,mediaSrc,string,,,,,
woocommerce/featured-product,minHeight,number,,,,500,
woocommerce/featured-product,linkText,string,,,,Shop now,
woocommerce/featured-product,overlayColor,string,,,,#000000,
woocommerce/featured-product,overlayGradient,string,,,,,
woocommerce/featured-product,productId,number,,,,,
woocommerce/featured-product,previewProduct,object,,,,,
woocommerce/featured-product,lock,object,,,,,
woocommerce/featured-product,metadata,object,,,,,
woocommerce/featured-product,align,string,,,left|center|right|wide|full|,,
woocommerce/featured-product,className,string,,,,,
woocommerce/featured-product,style,object,,,,,
woocommerce/featured-product,backgroundColor,string,,,,,
woocommerce/featured-product,textColor,string,,,,,
woocommerce/featured-product,borderColor,string,,,,,
woocommerce/featured-product,ariaLabel,string,,,,,
woocommerce/filled-cart-block,lock,object,,,,"{""remove"": true, ""move"": true}",
woocommerce/filled-cart-block,metadata,object,,,,,
woocommerce/filled-cart-block,align,string,,,left|center|right|wide|full|,,
woocommerce/filled-cart-block,className,string,,,,,
woocommerce/filled-cart-block,style,object,,,,,
woocommerce/filled-mini-cart-contents-block,lock,object,,,,"{""remove"": true, ""move"": true}",
woocommerce/filled-mini-cart-contents-block,metadata,object,,,,,
woocommerce/filled-mini-cart-contents-block,className,string,,,,,
woocommerce/filled-mini-cart-contents-block,style,object,,,,,
woocommerce/filter-wrapper,filterType,string,,,,,
woocommerce/filter-wrapper,heading,string,,,,,
woocommerce/filter-wrapper,lock,object,,,,,
woocommerce/filter-wrapper,metadata,object,,,,,
woocommerce/filter-wrapper,className,string,,,,,
woocommerce/filter-wrapper,style,object,,,,,
woocommerce/handpicked-products,align,string,,,,,
woocommerce/handpicked-products,columns,number,,,,3,
woocommerce/handpicked-products,contentVisibility,object,,,,"{""image"": true, ""title"": true, ""price"": true, ""rating"": true, ""button"": true}",
woocommerce/handpicked-products,orderby,string,,,date|popularity|price_asc|price_desc|rating|title|menu_order,date,
woocommerce/handpicked-products,products,array,,,,[],
woocommerce/handpicked-products,alignButtons,boolean,,,,false,
woocommerce/handpicked-products,isPreview,boolean,,,,false,
woocommerce/handpicked-products,lock,object,,,,,
woocommerce/handpicked-products,metadata,object,,,,,
woocommerce/handpicked-products,className,string,,,,,
woocommerce/handpicked-products,style,object,,,,,
woocommerce/legacy-template,lock,object,,,,,
woocommerce/legacy-template,metadata,object,,,,,
woocommerce/legacy-template,className,string,,,,,
woocommerce/legacy-template,style,object,,,,,
woocommerce/mini-cart,miniCartIcon,string,,,,cart,
woocommerce/mini-cart,addToCartBehaviour,string,,,,none,
woocommerce/mini-cart,onCartClickBehaviour,string,,,,open_drawer,
woocommerce/mini-cart,hasHiddenPrice,boolean,,,,true,
woocommerce/mini-cart,cartAndCheckoutRenderStyle,string,,,,hidden,
woocommerce/mini-cart,priceColor,object,,,,,
woocommerce/mini-cart,priceColorValue,string,,,,,
woocommerce/mini-cart,iconColor,object,,,,,
woocommerce/mini-cart,iconColorValue,string,,,,,
woocommerce/mini-cart,productCountColor,object,,,,,
woocommerce/mini-cart,productCountColorValue,string,,,,,
woocommerce/mini-cart,productCountVisibility,string,,,,greater_than_zero,
woocommerce/mini-cart,lock,object,,,,,
woocommerce/mini-cart,metadata,object,,,,,
woocommerce/mini-cart,className,string,,,,,
woocommerce/mini-cart,style,object,,,,,
woocommerce/mini-cart,fontSize,string,,,,,
woocommerce/mini-cart-cart-button-block,lock,object,,,,"{""remove"": false, ""move"": false}",
woocommerce/mini-cart-cart-button-block,cartButtonLabel,string,,,,,
woocommerce/mini-cart-cart-button-block,metadata,object,,,,,
woocommerce/mini-cart-cart-button-block,className,string,,,,,
woocommerce/mini-cart-cart-button-block,style,object,,,,,
woocommerce/mini-cart-cart-button-block,backgroundColor,string,,,,,
woocommerce/mini-cart-cart-button-block,textColor,string,,,,,
woocommerce/mini-cart-checkout-button-block,lock,object,,,,"{""remove"": false, ""move"": false}",
woocommerce/mini-cart-checkout-button-block,checkoutButtonLabel,string,,,,,
woocommerce/mini-cart-checkout-button-block,metadata,object,,,,,
woocommerce/mini-cart-checkout-button-block,className,string,,,,,
woocommerce/mini-cart-checkout-button-block,style,object,,,,,
woocommerce/mini-cart-checkout-button-block,backgroundColor,string,,,,,
woocommerce/mini-cart-checkout-button-block,textColor,string,,,,,
woocommerce/mini-cart-contents,lock,object,,,,"{""remove"": true, ""move"": true}",
woocommerce/mini-cart-contents,width,string,,,,480px,
woocommerce/mini-cart-contents,metadata,object,,,,,
woocommerce/mini-cart-contents,className,string,,,,,
woocommerce/mini-cart-contents,style,object,,,,,
woocommerce/mini-cart-contents,backgroundColor,string,,,,,
woocommerce/mini-cart-contents,textColor,string,,,,,
woocommerce/mini-cart-contents,borderColor,string,,,,,
woocommerce/mini-cart-footer-block,lock,object,,,,"{""remove"": true, ""move"": true}",
woocommerce/mini-cart-footer-block,metadata,object,,,,,
woocommerce/mini-cart-footer-block,className,string,,,,,
woocommerce/mini-cart-footer-block,style,object,,,,,
woocommerce/mini-cart-items-block,lock,object,,,,"{""remove"": true, ""move"": true}",
woocommerce/mini-cart-items-block,metadata,object,,,,,
woocommerce/mini-cart-items-block,className,string,,,,,
woocommerce/mini-cart-items-block,style,object,,,,,
woocommerce/mini-cart-products-table-block,lock,object,,,,"{""remove"": true, ""move"": false}",
woocommerce/mini-cart-products-table-block,metadata,object,,,,,
woocommerce/mini-cart-products-table-block,className,string,,,,,
woocommerce/mini-cart-products-table-block,style,object,,,,,
woocommerce/mini-cart-shopping-button-block,lock,object,,,,"{""remove"": false, ""move"": false}",
woocommerce/mini-cart-shopping-button-block,startShoppingButtonLabel,string,,,,,
woocommerce/mini-cart-shopping-button-block,metadata,object,,,,,
woocommerce/mini-cart-shopping-button-block,className,string,,,,,
woocommerce/mini-cart-shopping-button-block,style,object,,,,,
woocommerce/mini-cart-shopping-button-block,backgroundColor,string,,,,,
woocommerce/mini-cart-shopping-button-block,textColor,string,,,,,
woocommerce/mini-cart-title-block,lock,object,,,,"{""remove"": true, ""move"": true}",
woocommerce/mini-cart-title-block,metadata,object,,,,,
woocommerce/mini-cart-title-block,className,string,,,,,
woocommerce/mini-cart-title-block,style,object,,,,,
woocommerce/mini-cart-title-block,textColor,string,,,,,
woocommerce/mini-cart-title-block,fontSize,string,,,,,
woocommerce/mini-cart-title-items-counter-block,lock,object,,,,,
woocommerce/mini-cart-title-items-counter-block,metadata,object,,,,,
woocommerce/mini-cart-title-items-counter-block,className,string,,,,,
woocommerce/mini-cart-title-items-counter-block,style,object,,,,,
woocommerce/mini-cart-title-items-counter-block,backgroundColor,string,,,,,
woocommerce/mini-cart-title-items-counter-block,textColor,string,,,,,
woocommerce/mini-cart-title-items-counter-block,fontSize,string,,,,,
woocommerce/mini-cart-title-label-block,label,string,,,,,
woocommerce/mini-cart-title-label-block,lock,object,,,,,
woocommerce/mini-cart-title-label-block,metadata,object,,,,,
woocommerce/mini-cart-title-label-block,className,string,,,,,
woocommerce/mini-cart-title-label-block,style,object,,,,,
woocommerce/mini-cart-title-label-block,backgroundColor,string,,,,,
woocommerce/mini-cart-title-label-block,textColor,string,,,,,
woocommerce/mini-cart-title-label-block,fontSize,string,,,,,
woocommerce/order-confirmation-additional-fields,align,string,,,,wide,
woocommerce/order-confirmation-additional-fields,className,string,,,,,
woocommerce/order-confirmation-additional-fields,lock,object,,,,,
woocommerce/order-confirmation-additional-fields,metadata,object,,,,,
woocommerce/order-confirmation-additional-fields,style,object,,,,,
woocommerce/order-confirmation-additional-fields,borderColor,string,,,,,
woocommerce/order-confirmation-additional-fields-wrapper,heading,string,,,,,
woocommerce/order-confirmation-additional-fields-wrapper,lock,object,,,,,
woocommerce/order-confirmation-additional-fields-wrapper,metadata,object,,,,,
woocommerce/order-confirmation-additional-fields-wrapper,align,string,,,left|center|right|wide|full|,,
woocommerce/order-confirmation-additional-fields-wrapper,className,string,,,,,
woocommerce/order-confirmation-additional-fields-wrapper,style,object,,,,,
woocommerce/order-confirmation-additional-information,align,string,,,,wide,
woocommerce/order-confirmation-additional-information,className,string,,,,,
woocommerce/order-confirmation-additional-information,lock,object,,,,,
woocommerce/order-confirmation-additional-information,metadata,object,,,,,
woocommerce/order-confirmation-additional-information,style,object,,,,,
woocommerce/order-confirmation-additional-information,borderColor,string,,,,,
woocommerce/order-confirmation-billing-address,align,string,,,,wide,
woocommerce/order-confirmation-billing-address,lock,object,,,,,
woocommerce/order-confirmation-billing-address,metadata,object,,,,,
woocommerce/order-confirmation-billing-address,className,string,,,,,
woocommerce/order-confirmation-billing-address,style,object,,,,,
woocommerce/order-confirmation-billing-address,backgroundColor,string,,,,,
woocommerce/order-confirmation-billing-address,textColor,string,,,,,
woocommerce/order-confirmation-billing-address,fontSize,string,,,,,
woocommerce/order-confirmation-billing-address,fontFamily,string,,,,,
woocommerce/order-confirmation-billing-address,borderColor,string,,,,,
woocommerce/order-confirmation-billing-wrapper,heading,string,,,,,
woocommerce/order-confirmation-billing-wrapper,lock,object,,,,,
woocommerce/order-confirmation-billing-wrapper,metadata,object,,,,,
woocommerce/order-confirmation-billing-wrapper,align,string,,,left|center|right|wide|full|,,
woocommerce/order-confirmation-billing-wrapper,className,string,,,,,
woocommerce/order-confirmation-billing-wrapper,style,object,,,,,
woocommerce/order-confirmation-create-account,customerEmail,string,,,,,
woocommerce/order-confirmation-create-account,nonceToken,string,,,,,
woocommerce/order-confirmation-create-account,align,string,,,,wide,
woocommerce/order-confirmation-create-account,className,string,,,,,
woocommerce/order-confirmation-create-account,hasDarkControls,boolean,,,,false,
woocommerce/order-confirmation-create-account,lock,object,,,,"{""remove"": true}",
woocommerce/order-confirmation-create-account,metadata,object,,,,,
woocommerce/order-confirmation-create-account,style,object,,,,,
woocommerce/order-confirmation-create-account,backgroundColor,string,,,,,
woocommerce/order-confirmation-create-account,textColor,string,,,,,
woocommerce/order-confirmation-downloads,align,string,,,,wide,
woocommerce/order-confirmation-downloads,className,string,,,,,
woocommerce/order-confirmation-downloads,lock,object,,,,,
woocommerce/order-confirmation-downloads,metadata,object,,,,,
woocommerce/order-confirmation-downloads,style,object,,,,,
woocommerce/order-confirmation-downloads,backgroundColor,string,,,,,
woocommerce/order-confirmation-downloads,textColor,string,,,,,
woocommerce/order-confirmation-downloads,gradient,string,,,,,
woocommerce/order-confirmation-downloads,fontSize,string,,,,,
woocommerce/order-confirmation-downloads,fontFamily,string,,,,,
woocommerce/order-confirmation-downloads,borderColor,string,,,,,
woocommerce/order-confirmation-downloads-wrapper,heading,string,,,,,
woocommerce/order-confirmation-downloads-wrapper,lock,object,,,,,
woocommerce/order-confirmation-downloads-wrapper,metadata,object,,,,,
woocommerce/order-confirmation-downloads-wrapper,align,string,,,left|center|right|wide|full|,,
woocommerce/order-confirmation-downloads-wrapper,className,string,,,,,
woocommerce/order-confirmation-downloads-wrapper,style,object,,,,,
woocommerce/order-confirmation-shipping-address,align,string,,,,wide,
woocommerce/order-confirmation-shipping-address,lock,object,,,,,
woocommerce/order-confirmation-shipping-address,metadata,object,,,,,
woocommerce/order-confirmation-shipping-address,className,string,,,,,
woocommerce/order-confirmation-shipping-address,style,object,,,,,
woocommerce/order-confirmation-shipping-address,backgroundColor,string,,,,,
woocommerce/order-confirmation-shipping-address,textColor,string,,,,,
woocommerce/order-confirmation-shipping-address,fontSize,string,,,,,
woocommerce/order-confirmation-shipping-address,fontFamily,string,,,,,
woocommerce/order-confirmation-shipping-address,borderColor,string,,,,,
woocommerce/order-confirmation-shipping-wrapper,heading,string,,,,Shipping,
woocommerce/order-confirmation-shipping-wrapper,lock,object,,,,,
woocommerce/order-confirmation-shipping-wrapper,metadata,object,,,,,
woocommerce/order-confirmation-shipping-wrapper,align,string,,,left|center|right|wide|full|,,
woocommerce/order-confirmation-shipping-wrapper,className,string,,,,,
woocommerce/order-confirmation-shipping-wrapper,style,object,,,,,
woocommerce/order-confirmation-status,align,string,,,,wide,
woocommerce/order-confirmation-status,className,string,,,,,
woocommerce/order-confirmation-status,lock,object,,,,,
woocommerce/order-confirmation-status,metadata,object,,,,,
woocommerce/order-confirmation-status,style,object,,,,,
woocommerce/order-confirmation-status,backgroundColor,string,,,,,
woocommerce/order-confirmation-status,textColor,string,,,,,
woocommerce/order-confirmation-status,gradient,string,,,,,
woocommerce/order-confirmation-status,fontSize,string,,,,,
woocommerce/order-confirmation-status,fontFamily,string,,,,,
woocommerce/order-confirmation-summary,align,string,,,,wide,
woocommerce/order-confirmation-summary,className,string,,,,,
woocommerce/order-confirmation-summary,lock,object,,,,,
woocommerce/order-confirmation-summary,metadata,object,,,,,
woocommerce/order-confirmation-summary,style,object,,,,,
woocommerce/order-confirmation-summary,backgroundColor,string,,,,,
woocommerce/order-confirmation-summary,textColor,string,,,,,
woocommerce/order-confirmation-summary,gradient,string,,,,,
woocommerce/order-confirmation-summary,fontSize,string,,,,,
woocommerce/order-confirmation-summary,fontFamily,string,,,,,
woocommerce/order-confirmation-summary,borderColor,string,,,,,
woocommerce/order-confirmation-totals,align,string,,,,wide,
woocommerce/order-confirmation-totals,className,string,,,,,
woocommerce/order-confirmation-totals,lock,object,,,,,
woocommerce/order-confirmation-totals,metadata,object,,,,,
woocommerce/order-confirmation-totals,style,object,,,,,
woocommerce/order-confirmation-totals,backgroundColor,string,,,,,
woocommerce/order-confirmation-totals,textColor,string,,,,,
woocommerce/order-confirmation-totals,gradient,string,,,,,
woocommerce/order-confirmation-totals,fontSize,string,,,,,
woocommerce/order-confirmation-totals,fontFamily,string,,,,,
woocommerce/order-confirmation-totals,borderColor,string,,,,,
woocommerce/order-confirmation-totals-wrapper,heading,string,,,,,
woocommerce/order-confirmation-totals-wrapper,lock,object,,,,,
woocommerce/order-confirmation-totals-wrapper,metadata,object,,,,,
woocommerce/order-confirmation-totals-wrapper,align,string,,,left|center|right|wide|full|,,
woocommerce/order-confirmation-totals-wrapper,className,string,,,,,
woocommerce/order-confirmation-totals-wrapper,style,object,,,,,
woocommerce/page-content-wrapper,page,string,,,,,
woocommerce/page-content-wrapper,lock,object,,,,,
woocommerce/page-content-wrapper,metadata,object,,,,,
woocommerce/page-content-wrapper,className,string,,,,,
woocommerce/page-content-wrapper,style,object,,,,,
woocommerce/payment-method-icons,numberOfIcons,number,,,,0,
woocommerce/payment-method-icons,lock,object,,,,,
woocommerce/payment-method-icons,metadata,object,,,,,
woocommerce/payment-method-icons,className,string,,,,,
woocommerce/payment-method-icons,style,object,,,,,
woocommerce/price-filter,className,string,,,,,
woocommerce/price-filter,showInputFields,boolean,,,,true,
woocommerce/price-filter,inlineInput,boolean,,,,false,
woocommerce/price-filter,showFilterButton,boolean,,,,false,
woocommerce/price-filter,headingLevel,number,,,,3,
woocommerce/price-filter,lock,object,,,,,
woocommerce/price-filter,metadata,object,,,,,
woocommerce/price-filter,style,object,,,,,
woocommerce/price-filter,textColor,string,,,,,
woocommerce/proceed-to-checkout-block,lock,object,,,,"{""remove"": true, ""move"": true}",
woocommerce/proceed-to-checkout-block,metadata,object,,,,,
woocommerce/proceed-to-checkout-block,className,string,,,,,
woocommerce/proceed-to-checkout-block,style,object,,,,,
woocommerce/product-average-rating,textAlign,string,,,,,
woocommerce/product-average-rating,lock,object,,,,,
woocommerce/product-average-rating,metadata,object,,,,,
woocommerce/product-average-rating,className,string,,,,,
woocommerce/product-average-rating,style,object,,,,,
woocommerce/product-average-rating,backgroundColor,string,,,,,
woocommerce/product-average-rating,textColor,string,,,,,
woocommerce/product-average-rating,fontSize,string,,,,,
woocommerce/product-best-sellers,columns,number,,,,3,
woocommerce/product-best-sellers,rows,number,,,,3,
woocommerce/product-best-sellers,alignButtons,boolean,,,,false,
woocommerce/product-best-sellers,contentVisibility,object,,,,"{""image"": true, ""title"": true, ""price"": true, ""rating"": true, ""button"": true}",
woocommerce/product-best-sellers,categories,array,,,,[],
woocommerce/product-best-sellers,catOperator,string,,,,any,
woocommerce/product-best-sellers,isPreview,boolean,,,,false,
woocommerce/product-best-sellers,stockStatus,array,,,,,
woocommerce/product-best-sellers,editMode,boolean,,,,true,
woocommerce/product-best-sellers,orderby,string,,,date|popularity|price_asc|price_desc|rating|title|menu_order,popularity,
woocommerce/product-best-sellers,lock,object,,,,,
woocommerce/product-best-sellers,metadata,object,,,,,
woocommerce/product-best-sellers,align,string,,,left|center|right|wide|full|,,
woocommerce/product-best-sellers,className,string,,,,,
woocommerce/product-best-sellers,style,object,,,,,
woocommerce/product-button,productId,number,,,,0,
woocommerce/product-button,textAlign,string,,,,,
woocommerce/product-button,width,number,,,,,
woocommerce/product-button,isDescendentOfSingleProductBlock,boolean,,,,false,
woocommerce/product-button,isDescendentOfQueryLoop,boolean,,,,false,
woocommerce/product-button,lock,object,,,,,
woocommerce/product-button,metadata,object,,,,,
woocommerce/product-button,align,string,,,left|center|right|wide|full|,,
woocommerce/product-button,className,string,,,,,
woocommerce/product-button,style,object,,,,,
woocommerce/product-button,backgroundColor,string,,,,,
woocommerce/product-button,textColor,string,,,,,
woocommerce/product-button,fontSize,string,,,,,
woocommerce/product-button,fontFamily,string,,,,,
woocommerce/product-categories,align,string,,,,,
woocommerce/product-categories,hasCount,boolean,,,,true,
woocommerce/product-categories,hasImage,boolean,,,,false,
woocommerce/product-categories,hasEmpty,boolean,,,,false,
woocommerce/product-categories,isDropdown,boolean,,,,false,
woocommerce/product-categories,isHierarchical,boolean,,,,true,
woocommerce/product-categories,showChildrenOnly,boolean,,,,false,
woocommerce/product-categories,lock,object,,,,,
woocommerce/product-categories,metadata,object,,,,,
woocommerce/product-categories,className,string,,,,,
woocommerce/product-categories,style,object,,,,,
woocommerce/product-categories,textColor,string,,,,,
woocommerce/product-categories,fontSize,string,,,,,
woocommerce/product-category,columns,number,,,,3,
woocommerce/product-category,rows,number,,,,3,
woocommerce/product-category,alignButtons,boolean,,,,false,
woocommerce/product-category,contentVisibility,object,,,,"{""image"": true, ""title"": true, ""price"": true, ""rating"": true, ""button"": true}",
woocommerce/product-category,categories,array,,,,[],
woocommerce/product-category,catOperator,string,,,,any,
woocommerce/product-category,isPreview,boolean,,,,false,
woocommerce/product-category,stockStatus,array,,,,,
woocommerce/product-category,editMode,boolean,,,,true,
woocommerce/product-category,orderby,string,,,date|popularity|price_asc|price_desc|rating|title|menu_order,date,
woocommerce/product-category,lock,object,,,,,
woocommerce/product-category,metadata,object,,,,,
woocommerce/product-category,align,string,,,left|center|right|wide|full|,,
woocommerce/product-category,className,string,,,,,
woocommerce/product-category,style,object,,,,,
woocommerce/product-collection,queryId,number,,,,,
woocommerce/product-collection,query,object,,,,,
woocommerce/product-collection,tagName,string,,,,,
woocommerce/product-collection,displayLayout,object,,,,,
woocommerce/product-collection,dimensions,object,,,,,
woocommerce/product-collection,convertedFromProducts,boolean,,,,false,
woocommerce/product-collection,collection,string,,,,,
woocommerce/product-collection,hideControls,array,,,,[],
woocommerce/product-collection,queryContextIncludes,array,,,,,
woocommerce/product-collection,forcePageReload,boolean,,,,false,
woocommerce/product-collection,__privatePreviewState,object,,,,,local
woocommerce/product-collection,lock,object,,,,,
woocommerce/product-collection,metadata,object,,,,,
woocommerce/product-collection,align,string,,,left|center|right|wide|full|,,
woocommerce/product-collection,className,string,,,,,
woocommerce/product-collection,layout,object,,,,,
woocommerce/product-collection,anchor,string,,,,,
woocommerce/product-collection,style,object,,,,,
woocommerce/product-collection-no-results,lock,object,,,,,
woocommerce/product-collection-no-results,metadata,object,,,,,
woocommerce/product-collection-no-results,align,string,,,left|center|right|wide|full|,,
woocommerce/product-collection-no-results,className,string,,,,,
woocommerce/product-collection-no-results,style,object,,,,,
woocommerce/product-collection-no-results,backgroundColor,string,,,,,
woocommerce/product-collection-no-results,textColor,string,,,,,
woocommerce/product-collection-no-results,gradient,string,,,,,
woocommerce/product-collection-no-results,fontSize,string,,,,,
woocommerce/product-collection-no-results,fontFamily,string,,,,,
woocommerce/product-description,lock,object,,,,,
woocommerce/product-description,metadata,object,,,,,
woocommerce/product-description,align,string,,,left|center|right|wide|full|,,
woocommerce/product-description,className,string,,,,,
woocommerce/product-description,style,object,,,,,
woocommerce/product-description,backgroundColor,string,,,,,
woocommerce/product-description,textColor,string,,,,,
woocommerce/product-description,gradient,string,,,,,
woocommerce/product-description,fontSize,string,,,,,
woocommerce/product-description,fontFamily,string,,,,,
woocommerce/product-description,borderColor,string,,,,,
woocommerce/product-description,layout,object,,,,,
woocommerce/product-details,align,string,,,,wide,
woocommerce/product-details,hideTabTitle,boolean,,,,false,
woocommerce/product-details,lock,object,,,,,
woocommerce/product-details,metadata,object,,,,,
woocommerce/product-details,className,string,,,,,
woocommerce/product-details,style,object,,,,,
woocommerce/product-filter-active,lock,object,,,,,
woocommerce/product-filter-active,metadata,object,,,,,
woocommerce/product-filter-active,className,string,,,,,
woocommerce/product-filter-active,style,object,,,,,
woocommerce/product-filter-active,borderColor,string,,,,,
woocommerce/product-filter-attribute,attributeId,number,,,,0,
woocommerce/product-filter-attribute,showCounts,boolean,,,,false,
woocommerce/product-filter-attribute,queryType,string,,,,or,
woocommerce/product-filter-attribute,displayStyle,string,,,,woocommerce/product-filter-checkbox-list,
woocommerce/product-filter-attribute,selectType,string,,,,multiple,
woocommerce/product-filter-attribute,isPreview,boolean,,,,false,
woocommerce/product-filter-attribute,sortOrder,string,,,,count-desc,
woocommerce/product-filter-attribute,hideEmpty,boolean,,,,true,
woocommerce/product-filter-attribute,lock,object,,,,,
woocommerce/product-filter-attribute,metadata,object,,,,,
woocommerce/product-filter-attribute,className,string,,,,,
woocommerce/product-filter-attribute,style,object,,,,,
woocommerce/product-filter-attribute,textColor,string,,,,,
woocommerce/product-filter-attribute,fontSize,string,,,,,
woocommerce/product-filter-attribute,fontFamily,string,,,,,
woocommerce/product-filter-attribute,borderColor,string,,,,,
woocommerce/product-filter-checkbox-list,optionElementBorder,string,,,,,
woocommerce/product-filter-checkbox-list,customOptionElementBorder,string,,,,,
woocommerce/product-filter-checkbox-list,optionElementSelected,string,,,,,
woocommerce/product-filter-checkbox-list,customOptionElementSelected,string,,,,,
woocommerce/product-filter-checkbox-list,optionElement,string,,,,,
woocommerce/product-filter-checkbox-list,customOptionElement,string,,,,,
woocommerce/product-filter-checkbox-list,labelElement,string,,,,,
woocommerce/product-filter-checkbox-list,customLabelElement,string,,,,,
woocommerce/product-filter-checkbox-list,lock,object,,,,,
woocommerce/product-filter-checkbox-list,metadata,object,,,,,
woocommerce/product-filter-checkbox-list,className,string,,,,,
woocommerce/product-filter-checkbox-list,style,object,,,,,
woocommerce/product-filter-chips,chipText,string,,,,,
woocommerce/product-filter-chips,customChipText,string,,,,,
woocommerce/product-filter-chips,chipBackground,string,,,,,
woocommerce/product-filter-chips,customChipBackground,string,,,,,
woocommerce/product-filter-chips,chipBorder,string,,,,,
woocommerce/product-filter-chips,customChipBorder,string,,,,,
woocommerce/product-filter-chips,selectedChipText,string,,,,,
woocommerce/product-filter-chips,customSelectedChipText,string,,,,,
woocommerce/product-filter-chips,selectedChipBackground,string,,,,,
woocommerce/product-filter-chips,customSelectedChipBackground,string,,,,,
woocommerce/product-filter-chips,selectedChipBorder,string,,,,,
woocommerce/product-filter-chips,customSelectedChipBorder,string,,,,,
woocommerce/product-filter-chips,lock,object,,,,,
woocommerce/product-filter-chips,metadata,object,,,,,
woocommerce/product-filter-chips,className,string,,,,,
woocommerce/product-filter-chips,style,object,,,,,
woocommerce/product-filter-clear-button,lock,object,,,,,
woocommerce/product-filter-clear-button,metadata,object,,,,,
woocommerce/product-filter-clear-button,className,string,,,,,
woocommerce/product-filter-clear-button,style,object,,,,,
woocommerce/product-filter-price,lock,object,,,,,
woocommerce/product-filter-price,metadata,object,,,,,
woocommerce/product-filter-price,className,string,,,,,
woocommerce/product-filter-price,style,object,,,,,
woocommerce/product-filter-price-slider,showInputFields,boolean,,,,true,
woocommerce/product-filter-price-slider,inlineInput,boolean,,,,false,
woocommerce/product-filter-price-slider,sliderHandle,string,,,,,
woocommerce/product-filter-price-slider,customSliderHandle,string,,,,,
woocommerce/product-filter-price-slider,sliderHandleBorder,string,,,,,
woocommerce/product-filter-price-slider,customSliderHandleBorder,string,,,,,
woocommerce/product-filter-price-slider,slider,string,,,,,
woocommerce/product-filter-price-slider,customSlider,string,,,,,
woocommerce/product-filter-price-slider,lock,object,,,,,
woocommerce/product-filter-price-slider,metadata,object,,,,,
woocommerce/product-filter-price-slider,className,string,,,,,
woocommerce/product-filter-price-slider,style,object,,,,,
woocommerce/product-filter-rating,className,string,,,,,
woocommerce/product-filter-rating,showCounts,boolean,,,,false,
woocommerce/product-filter-rating,minRating,string,,,,0,
woocommerce/product-filter-rating,isPreview,boolean,,,,false,
woocommerce/product-filter-rating,lock,object,,,,,
woocommerce/product-filter-rating,metadata,object,,,,,
woocommerce/product-filter-rating,style,object,,,,,
woocommerce/product-filter-rating,textColor,string,,,,,
woocommerce/product-filter-removable-chips,chipText,string,,,,,
woocommerce/product-filter-removable-chips,customChipText,string,,,,,
woocommerce/product-filter-removable-chips,chipBackground,string,,,,,
woocommerce/product-filter-removable-chips,customChipBackground,string,,,,,
woocommerce/product-filter-removable-chips,chipBorder,string,,,,,
woocommerce/product-filter-removable-chips,customChipBorder,string,,,,,
woocommerce/product-filter-removable-chips,lock,object,,,,,
woocommerce/product-filter-removable-chips,metadata,object,,,,,
woocommerce/product-filter-removable-chips,className,string,,,,,
woocommerce/product-filter-removable-chips,layout,object,,,,,
woocommerce/product-filter-removable-chips,style,object,,,,,
woocommerce/product-filter-status,showCounts,boolean,,,,false,
woocommerce/product-filter-status,displayStyle,string,,,,woocommerce/product-filter-checkbox-list,
woocommerce/product-filter-status,isPreview,boolean,,,,false,
woocommerce/product-filter-status,hideEmpty,boolean,,,,true,
woocommerce/product-filter-status,lock,object,,,,,
woocommerce/product-filter-status,metadata,object,,,,,
woocommerce/product-filter-status,className,string,,,,,
woocommerce/product-filter-status,style,object,,,,,
woocommerce/product-filter-status,textColor,string,,,,,
woocommerce/product-filter-status,fontSize,string,,,,,
woocommerce/product-filter-status,fontFamily,string,,,,,
woocommerce/product-filter-status,borderColor,string,,,,,
woocommerce/product-filter-taxonomy,taxonomy,string,,,,product_cat,
woocommerce/product-filter-taxonomy,showCounts,boolean,,,,false,
woocommerce/product-filter-taxonomy,displayStyle,string,,,,woocommerce/product-filter-checkbox-list,
woocommerce/product-filter-taxonomy,isPreview,boolean,,,,false,
woocommerce/product-filter-taxonomy,sortOrder,string,,,,count-desc,
woocommerce/product-filter-taxonomy,hideEmpty,boolean,,,,true,
woocommerce/product-filter-taxonomy,lock,object,,,,,
woocommerce/product-filter-taxonomy,metadata,object,,,,,
woocommerce/product-filter-taxonomy,className,string,,,,,
woocommerce/product-filter-taxonomy,style,object,,,,,
woocommerce/product-filter-taxonomy,textColor,string,,,,,
woocommerce/product-filter-taxonomy,fontSize,string,,,,,
woocommerce/product-filter-taxonomy,fontFamily,string,,,,,
woocommerce/product-filter-taxonomy,borderColor,string,,,,,
woocommerce/product-filters,isPreview,boolean,,,,false,
woocommerce/product-filters,showFilterDrawer,boolean,,,,true,
woocommerce/product-filters,lock,object,,,,,
woocommerce/product-filters,metadata,object,,,,,
woocommerce/product-filters,align,string,,,left|center|right|wide|full|,,
woocommerce/product-filters,className,string,,,,,
woocommerce/product-filters,style,object,,,,,
woocommerce/product-filters,backgroundColor,string,,,,,
woocommerce/product-filters,textColor,string,,,,,
woocommerce/product-filters,fontSize,string,,,,,
woocommerce/product-filters,layout,object,,,,,
woocommerce/product-gallery,hoverZoom,boolean,,,,true,
woocommerce/product-gallery,fullScreenOnClick,boolean,,,,true,
woocommerce/product-gallery,lock,object,,,,,
woocommerce/product-gallery,metadata,object,,,,,
woocommerce/product-gallery,align,string,,,left|center|right|wide|full|,,
woocommerce/product-gallery,className,string,,,,,
woocommerce/product-gallery,layout,object,,,,,
woocommerce/product-gallery,style,object,,,,,
woocommerce/product-gallery-large-image,lock,object,,,,,
woocommerce/product-gallery-large-image,metadata,object,,,,,
woocommerce/product-gallery-large-image,className,string,,,,,
woocommerce/product-gallery-large-image,style,object,,,,,
woocommerce/product-gallery-large-image-next-previous,lock,object,,,,,
woocommerce/product-gallery-large-image-next-previous,metadata,object,,,,,
woocommerce/product-gallery-large-image-next-previous,align,string,,,left|center|right|wide|full|,,
woocommerce/product-gallery-large-image-next-previous,className,string,,,,,
woocommerce/product-gallery-large-image-next-previous,style,object,,,,,
woocommerce/product-gallery-large-image-next-previous,backgroundColor,string,,,,,
woocommerce/product-gallery-large-image-next-previous,textColor,string,,,,,
woocommerce/product-gallery-large-image-next-previous,layout,object,,,,,
woocommerce/product-gallery-thumbnails,thumbnailSize,string,,,,25%,
woocommerce/product-gallery-thumbnails,aspectRatio,string,,,,1,
woocommerce/product-gallery-thumbnails,activeThumbnailStyle,string,,,,overlay,
woocommerce/product-gallery-thumbnails,lock,object,,,,,
woocommerce/product-gallery-thumbnails,metadata,object,,,,,
woocommerce/product-gallery-thumbnails,className,string,,,,,
woocommerce/product-gallery-thumbnails,style,object,,,,,
woocommerce/product-image,showProductLink,boolean,,,,true,
woocommerce/product-image,showSaleBadge,boolean,,,,true,
woocommerce/product-image,saleBadgeAlign,string,,,,right,
woocommerce/product-image,imageSizing,string,,,,single,
woocommerce/product-image,productId,number,,,,0,
woocommerce/product-image,isDescendentOfQueryLoop,boolean,,,,false,
woocommerce/product-image,isDescendentOfSingleProductBlock,boolean,,,,false,
woocommerce/product-image,width,string,,,,,
woocommerce/product-image,height,string,,,,,
woocommerce/product-image,scale,string,,,,cover,
woocommerce/product-image,aspectRatio,string,,,,,
woocommerce/product-image,lock,object,,,,,
woocommerce/product-image,metadata,object,,,,,
woocommerce/product-image,className,string,,,,,
woocommerce/product-image,style,object,,,,,
woocommerce/product-image,fontSize,string,,,,,
woocommerce/product-image-gallery,lock,object,,,,,
woocommerce/product-image-gallery,metadata,object,,,,,
woocommerce/product-image-gallery,align,string,,,left|center|right|wide|full|,,
woocommerce/product-image-gallery,className,string,,,,,
woocommerce/product-image-gallery,style,object,,,,,
woocommerce/product-meta,lock,object,,,,,
woocommerce/product-meta,metadata,object,,,,,
woocommerce/product-meta,align,string,,,left|center|right|wide|full|,,
woocommerce/product-meta,className,string,,,,,
woocommerce/product-meta,style,object,,,,,
woocommerce/product-new,columns,number,,,,3,
woocommerce/product-new,rows,number,,,,3,
woocommerce/product-new,alignButtons,boolean,,,,false,
woocommerce/product-new,contentVisibility,object,,,,"{""image"": true, ""title"": true, ""price"": true, ""rating"": true, ""button"": true}",
woocommerce/product-new,categories,array,,,,[],
woocommerce/product-new,catOperator,string,,,,any,
woocommerce/product-new,isPreview,boolean,,,,false,
woocommerce/product-new,stockStatus,array,,,,,
woocommerce/product-new,editMode,boolean,,,,true,
woocommerce/product-new,orderby,string,,,date|popularity|price_asc|price_desc|rating|title|menu_order,date,
woocommerce/product-new,lock,object,,,,,
woocommerce/product-new,metadata,object,,,,,
woocommerce/product-new,align,string,,,left|center|right|wide|full|,,
woocommerce/product-new,className,string,,,,,
woocommerce/product-new,style,object,,,,,
woocommerce/product-on-sale,columns,number,,,,3,
woocommerce/product-on-sale,rows,number,,,,3,
woocommerce/product-on-sale,alignButtons,boolean,,,,false,
woocommerce/product-on-sale,categories,array,,,,[],
woocommerce/product-on-sale,catOperator,string,,,,any,
woocommerce/product-on-sale,contentVisibility,object,,,,"{""image"": true, ""title"": true, ""price"": true, ""rating"": true, ""button"": true}",
woocommerce/product-on-sale,isPreview,boolean,,,,false,
woocommerce/product-on-sale,stockStatus,array,,,,,
woocommerce/product-on-sale,orderby,string,,,,date,
woocommerce/product-on-sale,lock,object,,,,,
woocommerce/product-on-sale,metadata,object,,,,,
woocommerce/product-on-sale,align,string,,,left|center|right|wide|full|,,
woocommerce/product-on-sale,className,string,,,,,
woocommerce/product-on-sale,style,object,,,,,
woocommerce/product-price,productId,number,,,,0,
woocommerce/product-price,isDescendentOfQueryLoop,boolean,,,,false,
woocommerce/product-price,textAlign,string,,,,,
woocommerce/product-price,isDescendentOfSingleProductTemplate,boolean,,,,false,
woocommerce/product-price,isDescendentOfSingleProductBlock,boolean,,,,false,
woocommerce/product-price,lock,object,,,,,
woocommerce/product-price,metadata,object,,,,,
woocommerce/product-price,className,string,,,,,
woocommerce/product-price,style,object,,,,,
woocommerce/product-price,backgroundColor,string,,,,,
woocommerce/product-price,textColor,string,,,,,
woocommerce/product-price,fontSize,string,,,,,
woocommerce/product-price,fontFamily,string,,,,,
woocommerce/product-query,lock,object,,,,,
woocommerce/product-query,metadata,object,,,,,
woocommerce/product-query,className,string,,,,,
woocommerce/product-query,style,object,,,,,
woocommerce/product-rating,productId,number,,,,0,
woocommerce/product-rating,isDescendentOfQueryLoop,boolean,,,,false,
woocommerce/product-rating,textAlign,string,,,,,
woocommerce/product-rating,isDescendentOfSingleProductBlock,boolean,,,,false,
woocommerce/product-rating,isDescendentOfSingleProductTemplate,boolean,,,,false,
woocommerce/product-rating,lock,object,,,,,
woocommerce/product-rating,metadata,object,,,,,
woocommerce/product-rating,className,string,,,,,
woocommerce/product-rating,style,object,,,,,
woocommerce/product-rating,textColor,string,,,,,
woocommerce/product-rating,fontSize,string,,,,,
woocommerce/product-rating-counter,productId,number,,,,0,
woocommerce/product-rating-counter,isDescendentOfQueryLoop,boolean,,,,false,
woocommerce/product-rating-counter,textAlign,string,,,,,
woocommerce/product-rating-counter,isDescendentOfSingleProductBlock,boolean,,,,false,
woocommerce/product-rating-counter,isDescendentOfSingleProductTemplate,boolean,,,,false,
woocommerce/product-rating-counter,lock,object,,,,,
woocommerce/product-rating-counter,metadata,object,,,,,
woocommerce/product-rating-counter,className,string,,,,,
woocommerce/product-rating-counter,style,object,,,,,
woocommerce/product-rating-counter,fontSize,string,,,,,
woocommerce/product-rating-stars,productId,number,,,,0,
woocommerce/product-rating-stars,isDescendentOfQueryLoop,boolean,,,,false,
woocommerce/product-rating-stars,textAlign,string,,,,,
woocommerce/product-rating-stars,isDescendentOfSingleProductBlock,boolean,,,,false,
woocommerce/product-rating-stars,isDescendentOfSingleProductTemplate,boolean,,,,false,
woocommerce/product-rating-stars,lock,object,,,,,
woocommerce/product-rating-stars,metadata,object,,,,,
woocommerce/product-rating-stars,className,string,,,,,
woocommerce/product-rating-stars,style,object,,,,,
woocommerce/product-rating-stars,textColor,string,,,,,
woocommerce/product-rating-stars,fontSize,string,,,,,
woocommerce/product-results-count,lock,object,,,,,
woocommerce/product-results-count,metadata,object,,,,,
woocommerce/product-results-count,className,string,,,,,
woocommerce/product-results-count,style,object,,,,,
woocommerce/product-results-count,textColor,string,,,,,
woocommerce/product-results-count,fontSize,string,,,,,
woocommerce/product-review-author-name,isLink,boolean,,,,true,
woocommerce/product-review-author-name,linkTarget,string,,,,_self,
woocommerce/product-review-author-name,textAlign,string,,,,,
woocommerce/product-review-author-name,lock,object,,,,,
woocommerce/product-review-author-name,metadata,object,,,,,
woocommerce/product-review-author-name,className,string,,,,,
woocommerce/product-review-author-name,style,object,,,,,
woocommerce/product-review-author-name,backgroundColor,string,,,,,
woocommerce/product-review-author-name,textColor,string,,,,,
woocommerce/product-review-author-name,gradient,string,,,,,
woocommerce/product-review-author-name,fontSize,string,,,,,
woocommerce/product-review-author-name,fontFamily,string,,,,,
woocommerce/product-review-author-name,borderColor,string,,,,,
woocommerce/product-review-content,textAlign,string,,,,,
woocommerce/product-review-content,lock,object,,,,,
woocommerce/product-review-content,metadata,object,,,,,
woocommerce/product-review-content,className,string,,,,,
woocommerce/product-review-content,style,object,,,,,
woocommerce/product-review-content,backgroundColor,string,,,,,
woocommerce/product-review-content,textColor,string,,,,,
woocommerce/product-review-content,gradient,string,,,,,
woocommerce/product-review-content,fontSize,string,,,,,
woocommerce/product-review-content,fontFamily,string,,,,,
woocommerce/product-review-content,borderColor,string,,,,,
woocommerce/product-review-date,format,string,,,,,
woocommerce/product-review-date,isLink,boolean,,,,true,
woocommerce/product-review-date,lock,object,,,,,
woocommerce/product-review-date,metadata,object,,,,,
woocommerce/product-review-date,className,string,,,,,
woocommerce/product-review-date,style,object,,,,,
woocommerce/product-review-date,backgroundColor,string,,,,,
woocommerce/product-review-date,textColor,string,,,,,
woocommerce/product-review-date,gradient,string,,,,,
woocommerce/product-review-date,fontSize,string,,,,,
woocommerce/product-review-date,fontFamily,string,,,,,
woocommerce/product-review-date,borderColor,string,,,,,
woocommerce/product-review-form,textAlign,string,,,,,
woocommerce/product-review-form,lock,object,,,,,
woocommerce/product-review-form,metadata,object,,,,,
woocommerce/product-review-form,className,string,,,,,
woocommerce/product-review-form,style,object,,,,,
woocommerce/product-review-form,backgroundColor,string,,,,,
woocommerce/product-review-form,textColor,string,,,,,
woocommerce/product-review-form,gradient,string,,,,,
woocommerce/product-review-form,fontSize,string,,,,,
woocommerce/product-review-form,borderColor,string,,,,,
woocommerce/product-review-rating,textAlign,string,,,,,
woocommerce/product-review-rating,lock,object,,,,,
woocommerce/product-review-rating,metadata,object,,,,,
woocommerce/product-review-rating,className,string,,,,,
woocommerce/product-review-rating,style,object,,,,,
woocommerce/product-review-rating,backgroundColor,string,,,,,
woocommerce/product-review-rating,textColor,string,,,,,
woocommerce/product-review-rating,gradient,string,,,,,
woocommerce/product-review-template,lock,object,,,,,
woocommerce/product-review-template,metadata,object,,,,,
woocommerce/product-review-template,align,string,,,left|center|right|wide|full|,,
woocommerce/product-review-template,className,string,,,,,
woocommerce/product-review-template,style,object,,,,,
woocommerce/product-review-template,fontSize,string,,,,,
woocommerce/product-review-template,fontFamily,string,,,,,
woocommerce/product-review-template,borderColor,string,,,,,
woocommerce/product-reviews,tagName,string,,,,div,
woocommerce/product-reviews,lock,object,,,,,
woocommerce/product-reviews,metadata,object,,,,,
woocommerce/product-reviews,align,string,,,left|center|right|wide|full|,,
woocommerce/product-reviews,className,string,,,,,
woocommerce/product-reviews,style,object,,,,,
woocommerce/product-reviews,backgroundColor,string,,,,,
woocommerce/product-reviews,textColor,string,,,,,
woocommerce/product-reviews,gradient,string,,,,,
woocommerce/product-reviews,fontSize,string,,,,,
woocommerce/product-reviews,fontFamily,string,,,,,
woocommerce/product-reviews,borderColor,string,,,,,
woocommerce/product-reviews-pagination,paginationArrow,string,,,,none,
woocommerce/product-reviews-pagination,lock,object,,,,,
woocommerce/product-reviews-pagination,metadata,object,,,,,
woocommerce/product-reviews-pagination,align,string,,,left|center|right|wide|full|,,
woocommerce/product-reviews-pagination,className,string,,,,,
woocommerce/product-reviews-pagination,style,object,,,,,
woocommerce/product-reviews-pagination,backgroundColor,string,,,,,
woocommerce/product-reviews-pagination,textColor,string,,,,,
woocommerce/product-reviews-pagination,gradient,string,,,,,
woocommerce/product-reviews-pagination,fontSize,string,,,,,
woocommerce/product-reviews-pagination,fontFamily,string,,,,,
woocommerce/product-reviews-pagination,layout,object,,,,,
woocommerce/product-reviews-pagination-next,label,string,,,,,content
woocommerce/product-reviews-pagination-next,lock,object,,,,,
woocommerce/product-reviews-pagination-next,metadata,object,,,,,
woocommerce/product-reviews-pagination-next,className,string,,,,,
woocommerce/product-reviews-pagination-next,style,object,,,,,
woocommerce/product-reviews-pagination-next,backgroundColor,string,,,,,
woocommerce/product-reviews-pagination-next,gradient,string,,,,,
woocommerce/product-reviews-pagination-next,fontSize,string,,,,,
woocommerce/product-reviews-pagination-next,fontFamily,string,,,,,
woocommerce/product-reviews-pagination-numbers,lock,object,,,,,
woocommerce/product-reviews-pagination-numbers,metadata,object,,,,,
woocommerce/product-reviews-pagination-numbers,className,string,,,,,
woocommerce/product-reviews-pagination-numbers,style,object,,,,,
woocommerce/product-reviews-pagination-numbers,backgroundColor,string,,,,,
woocommerce/product-reviews-pagination-numbers,gradient,string,,,,,
woocommerce/product-reviews-pagination-numbers,fontSize,string,,,,,
woocommerce/product-reviews-pagination-numbers,fontFamily,string,,,,,
woocommerce/product-reviews-pagination-previous,label,string,,,,,content
woocommerce/product-reviews-pagination-previous,lock,object,,,,,
woocommerce/product-reviews-pagination-previous,metadata,object,,,,,
woocommerce/product-reviews-pagination-previous,className,string,,,,,
woocommerce/product-reviews-pagination-previous,style,object,,,,,
woocommerce/product-reviews-pagination-previous,backgroundColor,string,,,,,
woocommerce/product-reviews-pagination-previous,gradient,string,,,,,
woocommerce/product-reviews-pagination-previous,fontSize,string,,,,,
woocommerce/product-reviews-pagination-previous,fontFamily,string,,,,,
woocommerce/product-reviews-title,textAlign,string,,,,,
woocommerce/product-reviews-title,showProductTitle,boolean,,,,true,
woocommerce/product-reviews-title,showReviewsCount,boolean,,,,true,
woocommerce/product-reviews-title,level,number,,,,2,
woocommerce/product-reviews-title,levelOptions,array,,,,,
woocommerce/product-reviews-title,lock,object,,,,,
woocommerce/product-reviews-title,metadata,object,,,,,
woocommerce/product-reviews-title,align,string,,,left|center|right|wide|full|,,
woocommerce/product-reviews-title,className,string,,,,,
woocommerce/product-reviews-title,style,object,,,,,
woocommerce/product-reviews-title,backgroundColor,string,,,,,
woocommerce/product-reviews-title,textColor,string,,,,,
woocommerce/product-reviews-title,gradient,string,,,,,
woocommerce/product-reviews-title,fontSize,string,,,,,
woocommerce/product-reviews-title,fontFamily,string,,,,,
woocommerce/product-reviews-title,borderColor,string,,,,,
woocommerce/product-sale-badge,productId,number,,,,0,
woocommerce/product-sale-badge,isDescendentOfQueryLoop,boolean,,,,false,
woocommerce/product-sale-badge,isDescendentOfSingleProductBlock,boolean,,,,false,
woocommerce/product-sale-badge,isDescendentOfSingleProductTemplate,boolean,,,,false,
woocommerce/product-sale-badge,lock,object,,,,,
woocommerce/product-sale-badge,metadata,object,,,,,
woocommerce/product-sale-badge,align,string,,,left|center|right|wide|full|,,
woocommerce/product-sale-badge,className,string,,,,,
woocommerce/product-sale-badge,style,object,,,,,
woocommerce/product-sale-badge,backgroundColor,string,,,,,
woocommerce/product-sale-badge,textColor,string,,,,,
woocommerce/product-sale-badge,gradient,string,,,,,
woocommerce/product-sale-badge,fontSize,string,,,,,
woocommerce/product-sale-badge,fontFamily,string,,,,,
woocommerce/product-sale-badge,borderColor,string,,,,,
woocommerce/product-search,lock,object,,,,,
woocommerce/product-search,metadata,object,,,,,
woocommerce/product-search,className,string,,,,,
woocommerce/product-search,style,object,,,,,
woocommerce/product-sku,productId,number,,,,0,
woocommerce/product-sku,isDescendantOfAllProducts,boolean,,,,false,
woocommerce/product-sku,showProductSelector,boolean,,,,false,
woocommerce/product-sku,prefix,string,,,,SKU:,content
woocommerce/product-sku,suffix,string,,,,,content
woocommerce/product-sku,lock,object,,,,,
woocommerce/product-sku,metadata,object,,,,,
woocommerce/product-sku,className,string,,,,,
woocommerce/product-sku,style,object,,,,,
woocommerce/product-sku,backgroundColor,string,,,,,
woocommerce/product-sku,textColor,string,,,,,
woocommerce/product-sku,fontSize,string,,,,,
woocommerce/product-sku,fontFamily,string,,,,,
woocommerce/product-specifications,showWeight,boolean,,,,true,
woocommerce/product-specifications,showDimensions,boolean,,,,true,
woocommerce/product-specifications,showAttributes,boolean,,,,true,
woocommerce/product-specifications,lock,object,,,,,
woocommerce/product-specifications,metadata,object,,,,,
woocommerce/product-specifications,align,string,,,left|center|right|wide|full|,,
woocommerce/product-specifications,className,string,,,,,
woocommerce/product-specifications,style,object,,,,,
woocommerce/product-specifications,fontSize,string,,,,,
woocommerce/product-stock-indicator,isDescendantOfAllProducts,boolean,,,,false,
woocommerce/product-stock-indicator,lock,object,,,,,
woocommerce/product-stock-indicator,metadata,object,,,,,
woocommerce/product-stock-indicator,className,string,,,,,
woocommerce/product-stock-indicator,style,object,,,,,
woocommerce/product-stock-indicator,backgroundColor,string,,,,,
woocommerce/product-stock-indicator,textColor,string,,,,,
woocommerce/product-stock-indicator,fontSize,string,,,,,
woocommerce/product-stock-indicator,fontFamily,string,,,,,
woocommerce/product-summary,productId,number,,,,0,
woocommerce/product-summary,isDescendentOfQueryLoop,boolean,,,,false,
woocommerce/product-summary,isDescendentOfSingleProductTemplate,boolean,,,,false,
woocommerce/product-summary,isDescendentOfSingleProductBlock,boolean,,,,false,
woocommerce/product-summary,isDescendantOfAllProducts,boolean,,,,false,
woocommerce/product-summary,showDescriptionIfEmpty,boolean,,,,false,
woocommerce/product-summary,showLink,boolean,,,,false,
woocommerce/product-summary,summaryLength,number,,,,0,
woocommerce/product-summary,linkText,string,,,,,
woocommerce/product-summary,lock,object,,,,,
woocommerce/product-summary,metadata,object,,,,,
woocommerce/product-summary,className,string,,,,,
woocommerce/product-summary,style,object,,,,,
woocommerce/product-summary,backgroundColor,string,,,,,
woocommerce/product-summary,textColor,string,,,,,
woocommerce/product-summary,fontSize,string,,,,,
woocommerce/product-summary,fontFamily,string,,,,,
woocommerce/product-tag,columns,number,,,,3,
woocommerce/product-tag,rows,number,,,,3,
woocommerce/product-tag,alignButtons,boolean,,,,false,
woocommerce/product-tag,contentVisibility,object,,,,"{""image"": true, ""title"": true, ""price"": true, ""rating"": true, ""button"": true}",
woocommerce/product-tag,tags,array,,,,[],
woocommerce/product-tag,tagOperator,string,,,,any,
woocommerce/product-tag,orderby,string,,,,date,
woocommerce/product-tag,isPreview,boolean,,,,false,
woocommerce/product-tag,stockStatus,array,,,,,
woocommerce/product-tag,lock,object,,,,,
woocommerce/product-tag,metadata,object,,,,,
woocommerce/product-tag,align,string,,,left|center|right|wide|full|,,
woocommerce/product-tag,className,string,,,,,
woocommerce/product-tag,style,object,,,,,
woocommerce/product-template,lock,object,,,,,
woocommerce/product-template,metadata,object,,,,,
woocommerce/product-template,align,string,,,left|center|right|wide|full|,,
woocommerce/product-template,className,string,,,,,
woocommerce/product-template,style,object,,,,,
woocommerce/product-template,backgroundColor,string,,,,,
woocommerce/product-template,textColor,string,,,,,
woocommerce/product-template,gradient,string,,,,,
woocommerce/product-template,fontSize,string,,,,,
woocommerce/product-template,fontFamily,string,,,,,
woocommerce/product-template,layout,object,,,,,
woocommerce/product-template,anchor,string,,,,,
woocommerce/product-title,headingLevel,number,,,,2,
woocommerce/product-title,showProductLink,boolean,,,,true,
woocommerce/product-title,linkTarget,string,,,,,
woocommerce/product-title,productId,number,,,,0,
woocommerce/product-title,align,string,,,,,
woocommerce/product-title,lock,object,,,,,
woocommerce/product-title,metadata,object,,,,,
woocommerce/product-title,className,string,,,,,
woocommerce/product-title,style,object,,,,,
woocommerce/product-title,backgroundColor,string,,,,,
woocommerce/product-title,textColor,string,,,,,
woocommerce/product-title,gradient,string,,,,,
woocommerce/product-title,fontSize,string,,,,,
woocommerce/product-title,fontFamily,string,,,,,
woocommerce/product-top-rated,columns,number,,,,3,
woocommerce/product-top-rated,rows,number,,,,3,
woocommerce/product-top-rated,alignButtons,boolean,,,,false,
woocommerce/product-top-rated,contentVisibility,object,,,,"{""image"": true, ""title"": true, ""price"": true, ""rating"": true, ""button"": true}",
woocommerce/product-top-rated,categories,array,,,,[],
woocommerce/product-top-rated,catOperator,string,,,,any,
woocommerce/product-top-rated,isPreview,boolean,,,,false,
woocommerce/product-top-rated,stockStatus,array,,,,,
woocommerce/product-top-rated,editMode,boolean,,,,true,
woocommerce/product-top-rated,orderby,string,,,date|popularity|price_asc|price_desc|rating|title|menu_order,rating,
woocommerce/product-top-rated,lock,object,,,,,
woocommerce/product-top-rated,metadata,object,,,,,
woocommerce/product-top-rated,align,string,,,left|center|right|wide|full|,,
woocommerce/product-top-rated,className,string,,,,,
woocommerce/product-top-rated,style,object,,,,,
woocommerce/products-by-attribute,attributes,array,,,,[],
woocommerce/products-by-attribute,attrOperator,string,,,all|any,any,
woocommerce/products-by-attribute,columns,number,,,,3,
woocommerce/products-by-attribute,contentVisibility,object,,,,"{""image"": true, ""title"": true, ""price"": true, ""rating"": true, ""button"": true}",
woocommerce/products-by-attribute,orderby,string,,,date|popularity|price_asc|price_desc|rating|title|menu_order,date,
woocommerce/products-by-attribute,rows,number,,,,3,
woocommerce/products-by-attribute,alignButtons,boolean,,,,false,
woocommerce/products-by-attribute,isPreview,boolean,,,,false,
woocommerce/products-by-attribute,stockStatus,array,,,,,
woocommerce/products-by-attribute,lock,object,,,,,
woocommerce/products-by-attribute,metadata,object,,,,,
woocommerce/products-by-attribute,align,string,,,left|center|right|wide|full|,,
woocommerce/products-by-attribute,className,string,,,,,
woocommerce/products-by-attribute,style,object,,,,,
woocommerce/rating-filter,className,string,,,,,
woocommerce/rating-filter,showCounts,boolean,,,,false,
woocommerce/rating-filter,displayStyle,string,,,,list,
woocommerce/rating-filter,showFilterButton,boolean,,,,false,
woocommerce/rating-filter,selectType,string,,,,multiple,
woocommerce/rating-filter,isPreview,boolean,,,,false,
woocommerce/rating-filter,lock,object,,,,,
woocommerce/rating-filter,metadata,object,,,,,
woocommerce/rating-filter,style,object,,,,,
woocommerce/rating-filter,backgroundColor,string,,,,,
woocommerce/rating-filter,textColor,string,,,,,
woocommerce/related-products,lock,object,,,,,
woocommerce/related-products,metadata,object,,,,,
woocommerce/related-products,align,string,,,left|center|right|wide|full|,,
woocommerce/related-products,className,string,,,,,
woocommerce/related-products,style,object,,,,,
woocommerce/reviews-by-category,lock,object,,,,,
woocommerce/reviews-by-category,metadata,object,,,,,
woocommerce/reviews-by-category,className,string,,,,,
woocommerce/reviews-by-category,style,object,,,,,
woocommerce/reviews-by-category,textColor,string,,,,,
woocommerce/reviews-by-category,fontSize,string,,,,,
woocommerce/reviews-by-product,lock,object,,,,,
woocommerce/reviews-by-product,metadata,object,,,,,
woocommerce/reviews-by-product,className,string,,,,,
woocommerce/reviews-by-product,style,object,,,,,
woocommerce/reviews-by-product,textColor,string,,,,,
woocommerce/reviews-by-product,fontSize,string,,,,,
woocommerce/single-product,productId,number,,,,,
woocommerce/single-product,lock,object,,,,,
woocommerce/single-product,metadata,object,,,,,
woocommerce/single-product,align,string,,,left|center|right|wide|full|,,
woocommerce/single-product,className,string,,,,,
woocommerce/single-product,style,object,,,,,
woocommerce/stock-filter,className,string,,,,,
woocommerce/stock-filter,headingLevel,number,,,,3,
woocommerce/stock-filter,showCounts,boolean,,,,false,
woocommerce/stock-filter,showFilterButton,boolean,,,,false,
woocommerce/stock-filter,displayStyle,string,,,,list,
woocommerce/stock-filter,selectType,string,,,,multiple,
woocommerce/stock-filter,isPreview,boolean,,,,false,
woocommerce/stock-filter,lock,object,,,,,
woocommerce/stock-filter,metadata,object,,,,,
woocommerce/stock-filter,style,object,,,,,
woocommerce/stock-filter,backgroundColor,string,,,,,
woocommerce/stock-filter,textColor,string,,,,,
woocommerce/store-notices,align,string,,,,wide,
woocommerce/store-notices,lock,object,,,,,
woocommerce/store-notices,metadata,object,,,,,
woocommerce/store-notices,className,string,,,,,
woocommerce/store-notices,style,object,,,,,
wpforms/form-selector,clientId,string,,,,,
wpforms/form-selector,formId,string,,,,,
wpforms/form-selector,displayTitle,boolean,,,,,
wpforms/form-selector,displayDesc,boolean,,,,,
wpforms/form-selector,className,string,,,,,
wpforms/form-selector,theme,string,,,,,
wpforms/form-selector,themeName,string,,,,,
wpforms/form-selector,fieldSize,string,,,,,
wpforms/form-selector,fieldBorderRadius,string,,,,,
wpforms/form-selector,fieldBorderStyle,string,,,,,
wpforms/form-selector,fieldBorderSize,string,,,,,
wpforms/form-selector,fieldBackgroundColor,string,,,,,
wpforms/form-selector,fieldBorderColor,string,,,,,
wpforms/form-selector,fieldTextColor,string,,,,,
wpforms/form-selector,fieldMenuColor,string,,,,,
wpforms/form-selector,labelSize,string,,,,,
wpforms/form-selector,labelColor,string,,,,,
wpforms/form-selector,labelSublabelColor,string,,,,,
wpforms/form-selector,labelErrorColor,string,,,,,
wpforms/form-selector,buttonSize,string,,,,,
wpforms/form-selector,buttonBorderStyle,string,,,,,
wpforms/form-selector,buttonBorderSize,string,,,,,
wpforms/form-selector,buttonBorderRadius,string,,,,,
wpforms/form-selector,buttonBackgroundColor,string,,,,,
wpforms/form-selector,buttonBorderColor,string,,,,,
wpforms/form-selector,buttonTextColor,string,,,,,
wpforms/form-selector,pageBreakColor,string,,,,,
wpforms/form-selector,backgroundImage,string,,,,,
wpforms/form-selector,backgroundPosition,string,,,,,
wpforms/form-selector,backgroundRepeat,string,,,,,
wpforms/form-selector,backgroundSizeMode,string,,,,,
wpforms/form-selector,backgroundSize,string,,,,,
wpforms/form-selector,backgroundWidth,string,,,,,
wpforms/form-selector,backgroundHeight,string,,,,,
wpforms/form-selector,backgroundUrl,string,,,,,
wpforms/form-selector,backgroundColor,string,,,,,
wpforms/form-selector,containerPadding,string,,,,,
wpforms/form-selector,containerBorderStyle,string,,,,,
wpforms/form-selector,containerBorderWidth,string,,,,,
wpforms/form-selector,containerBorderColor,string,,,,,
wpforms/form-selector,containerBorderRadius,string,,,,,
wpforms/form-selector,containerShadowSize,string,,,,,
wpforms/form-selector,customCss,string,,,,,
wpforms/form-selector,copyPasteJsonValue,string,,,,,
wpforms/form-selector,lock,object,,,,,
wpforms/form-selector,metadata,object,,,,,
wpforms/form-selector,style,object,,,,,
