block,support,value
blocksy/about-me,html,false
blocksy/about-me,inserter,false
blocksy/about-me,lock,false
blocksy/breadcrumbs,className,false
blocksy/breadcrumbs,spacing.margin,true
blocksy/breadcrumbs,spacing.__experimentalDefaultControls.margin,true
blocksy/contact-info,html,false
blocksy/contact-info,inserter,false
blocksy/contact-info,lock,false
blocksy/contact-info,typography.fontSize,true
blocksy/dynamic-data,color.text,false
blocksy/dynamic-data,color.background,false
blocksy/dynamic-data,color.__experimentalSkipSerialization,"[""link"", ""heading"", ""button"", ""gradients""]"
blocksy/dynamic-data,className,false
blocksy/dynamic-data,spacing.margin,true
blocksy/dynamic-data,spacing.padding,true
blocksy/dynamic-data,spacing.__experimentalDefaultControls.margin,false
blocksy/dynamic-data,spacing.__experimentalDefaultControls.padding,false
blocksy/dynamic-data,__experimentalBorder.color,true
blocksy/dynamic-data,__experimentalBorder.radius,true
blocksy/dynamic-data,__experimentalBorder.width,true
blocksy/dynamic-data,__experimentalBorder.__experimentalDefaultControls.color,true
blocksy/dynamic-data,__experimentalBorder.__experimentalDefaultControls.radius,true
blocksy/dynamic-data,__experimentalBorder.__experimentalDefaultControls.width,true
blocksy/dynamic-data,__experimentalBorder.__experimentalSelector,"""img, .block-editor-media-placeholder, .wp-block-post-featured-image__overlay"""
blocksy/dynamic-data,__experimentalBorder.__experimentalSkipSerialization,true
blocksy/dynamic-data,typography.fontSize,true
blocksy/dynamic-data,typography.lineHeight,true
blocksy/dynamic-data,typography.__experimentalFontFamily,true
blocksy/dynamic-data,typography.__experimentalTextDecoration,true
blocksy/dynamic-data,typography.__experimentalFontStyle,true
blocksy/dynamic-data,typography.__experimentalFontWeight,true
blocksy/dynamic-data,typography.__experimentalLetterSpacing,true
blocksy/dynamic-data,typography.__experimentalTextTransform,true
blocksy/dynamic-data,typography.__experimentalDefaultControls.fontSize,true
blocksy/post-template,reusable,false
blocksy/post-template,html,false
blocksy/post-template,layout,false
blocksy/post-template,spacing.blockGap.__experimentalDefault,"""1.25em"""
blocksy/post-template,spacing.__experimentalDefaultControls.blockGap,true
blocksy/query,align,"[""wide"", ""full""]"
blocksy/query,html,false
blocksy/query,spacing.margin,true
blocksy/query,spacing.padding,true
blocksy/query,spacing.__experimentalDefaultControls.margin,false
blocksy/query,spacing.__experimentalDefaultControls.padding,false
blocksy/query,__experimentalBorder.color,true
blocksy/query,__experimentalBorder.radius,true
blocksy/query,__experimentalBorder.width,true
blocksy/query,__experimentalBorder.__experimentalDefaultControls.color,true
blocksy/query,__experimentalBorder.__experimentalDefaultControls.radius,true
blocksy/query,__experimentalBorder.__experimentalDefaultControls.width,true
blocksy/query,__experimentalBorder.__experimentalSelector,"""img, .block-editor-media-placeholder, .wp-block-post-featured-image__overlay"""
blocksy/query,__experimentalBorder.__experimentalSkipSerialization,true
blocksy/query,color.gradients,true
blocksy/query,color.link,false
blocksy/query,color.__experimentalDefaultControls.text,false
blocksy/query,color.__experimentalDefaultControls.background,true
blocksy/query,color.__experimentalDefaultControls.link,false
blocksy/search,spacing.margin,true
blocksy/search,spacing.__experimentalDefaultControls.margin,true
blocksy/search,__experimentalBorder.color,false
blocksy/search,__experimentalBorder.radius,true
blocksy/search,__experimentalBorder.width,false
blocksy/search,__experimentalBorder.__experimentalSkipSerialization,true
blocksy/search,__experimentalBorder.__experimentalDefaultControls.color,false
blocksy/search,__experimentalBorder.__experimentalDefaultControls.radius,true
blocksy/search,__experimentalBorder.__experimentalDefaultControls.width,false
blocksy/share-box,html,false
blocksy/share-box,inserter,false
blocksy/share-box,lock,false
blocksy/socials,html,false
blocksy/socials,inserter,false
blocksy/socials,lock,false
blocksy/tax-query,align,"[""wide"", ""full""]"
blocksy/tax-query,html,false
blocksy/tax-query,spacing.margin,true
blocksy/tax-query,spacing.padding,true
blocksy/tax-query,spacing.__experimentalDefaultControls.margin,false
blocksy/tax-query,spacing.__experimentalDefaultControls.padding,false
blocksy/tax-query,__experimentalBorder.color,true
blocksy/tax-query,__experimentalBorder.radius,true
blocksy/tax-query,__experimentalBorder.width,true
blocksy/tax-query,__experimentalBorder.__experimentalDefaultControls.color,true
blocksy/tax-query,__experimentalBorder.__experimentalDefaultControls.radius,true
blocksy/tax-query,__experimentalBorder.__experimentalDefaultControls.width,true
blocksy/tax-query,__experimentalBorder.__experimentalSelector,"""img, .block-editor-media-placeholder, .wp-block-post-featured-image__overlay"""
blocksy/tax-query,__experimentalBorder.__experimentalSkipSerialization,true
blocksy/tax-query,color.gradients,true
blocksy/tax-query,color.link,false
blocksy/tax-query,color.__experimentalDefaultControls.text,false
blocksy/tax-query,color.__experimentalDefaultControls.background,true
blocksy/tax-query,color.__experimentalDefaultControls.link,false
blocksy/tax-template,reusable,false
blocksy/tax-template,html,false
blocksy/tax-template,layout,false
blocksy/tax-template,spacing.blockGap.__experimentalDefault,"""1.25em"""
blocksy/tax-template,spacing.__experimentalDefaultControls.blockGap,true
blocksy/widgets-wrapper,className,false
blocksy/widgets-wrapper,spacing.margin,true
blocksy/widgets-wrapper,spacing.__experimentalDefaultControls.margin,true
core/accordion,anchor,true
core/accordion,html,false
core/accordion,align,"[""wide"", ""full""]"
core/accordion,background.backgroundImage,true
core/accordion,background.backgroundSize,true
core/accordion,background.gradient,true
core/accordion,background.__experimentalDefaultControls.backgroundImage,true
core/accordion,color.background,true
core/accordion,color.gradients,true
core/accordion,__experimentalBorder.color,true
core/accordion,__experimentalBorder.radius,true
core/accordion,__experimentalBorder.style,true
core/accordion,__experimentalBorder.width,true
core/accordion,__experimentalBorder.__experimentalDefaultControls.color,true
core/accordion,__experimentalBorder.__experimentalDefaultControls.radius,true
core/accordion,__experimentalBorder.__experimentalDefaultControls.style,true
core/accordion,__experimentalBorder.__experimentalDefaultControls.width,true
core/accordion,spacing.padding,true
core/accordion,spacing.margin,"[""top"", ""bottom""]"
core/accordion,spacing.blockGap,true
core/accordion,shadow,true
core/accordion,layout,true
core/accordion,ariaLabel,true
core/accordion,interactivity,true
core/accordion,typography.fontSize,true
core/accordion,typography.lineHeight,true
core/accordion,typography.__experimentalFontFamily,true
core/accordion,typography.__experimentalFontWeight,true
core/accordion,typography.__experimentalFontStyle,true
core/accordion,typography.__experimentalTextTransform,true
core/accordion,typography.__experimentalTextDecoration,true
core/accordion,typography.__experimentalLetterSpacing,true
core/accordion,typography.__experimentalDefaultControls.fontSize,true
core/accordion,contentRole,true
core/accordion,listView,true
core/accordion-heading,anchor,true
core/accordion-heading,color.background,true
core/accordion-heading,color.gradients,true
core/accordion-heading,align,false
core/accordion-heading,interactivity,true
core/accordion-heading,spacing.padding,true
core/accordion-heading,spacing.__experimentalDefaultControls.padding,true
core/accordion-heading,spacing.__experimentalSkipSerialization,true
core/accordion-heading,spacing.__experimentalSelector,""".wp-block-accordion-heading__toggle"""
core/accordion-heading,__experimentalBorder.color,true
core/accordion-heading,__experimentalBorder.radius,true
core/accordion-heading,__experimentalBorder.style,true
core/accordion-heading,__experimentalBorder.width,true
core/accordion-heading,__experimentalBorder.__experimentalDefaultControls.color,true
core/accordion-heading,__experimentalBorder.__experimentalDefaultControls.radius,true
core/accordion-heading,__experimentalBorder.__experimentalDefaultControls.style,true
core/accordion-heading,__experimentalBorder.__experimentalDefaultControls.width,true
core/accordion-heading,typography.__experimentalSkipSerialization,"[""textDecoration"", ""letterSpacing""]"
core/accordion-heading,typography.fontSize,true
core/accordion-heading,typography.__experimentalFontFamily,true
core/accordion-heading,typography.__experimentalFontWeight,true
core/accordion-heading,typography.__experimentalFontStyle,true
core/accordion-heading,typography.__experimentalTextTransform,true
core/accordion-heading,typography.__experimentalTextDecoration,true
core/accordion-heading,typography.__experimentalLetterSpacing,true
core/accordion-heading,typography.__experimentalDefaultControls.fontSize,true
core/accordion-heading,typography.__experimentalDefaultControls.fontFamily,true
core/accordion-heading,shadow,true
core/accordion-heading,visibility,false
core/accordion-heading,lock,false
core/accordion-item,html,false
core/accordion-item,color.background,true
core/accordion-item,color.gradients,true
core/accordion-item,interactivity,true
core/accordion-item,spacing.margin,"[""top"", ""bottom""]"
core/accordion-item,spacing.padding,true
core/accordion-item,spacing.blockGap,true
core/accordion-item,__experimentalBorder.color,true
core/accordion-item,__experimentalBorder.radius,true
core/accordion-item,__experimentalBorder.style,true
core/accordion-item,__experimentalBorder.width,true
core/accordion-item,__experimentalBorder.__experimentalDefaultControls.color,true
core/accordion-item,__experimentalBorder.__experimentalDefaultControls.radius,true
core/accordion-item,__experimentalBorder.__experimentalDefaultControls.style,true
core/accordion-item,__experimentalBorder.__experimentalDefaultControls.width,true
core/accordion-item,shadow,true
core/accordion-item,layout.allowEditing,false
core/accordion-item,typography.fontSize,true
core/accordion-item,typography.lineHeight,true
core/accordion-item,typography.__experimentalFontFamily,true
core/accordion-item,typography.__experimentalFontWeight,true
core/accordion-item,typography.__experimentalFontStyle,true
core/accordion-item,typography.__experimentalTextTransform,true
core/accordion-item,typography.__experimentalTextDecoration,true
core/accordion-item,typography.__experimentalLetterSpacing,true
core/accordion-item,typography.__experimentalDefaultControls.fontSize,true
core/accordion-item,contentRole,true
core/accordion-panel,html,false
core/accordion-panel,color.background,true
core/accordion-panel,color.gradients,true
core/accordion-panel,interactivity,true
core/accordion-panel,spacing.padding,true
core/accordion-panel,spacing.blockGap,true
core/accordion-panel,spacing.__experimentalDefaultControls.padding,true
core/accordion-panel,spacing.__experimentalDefaultControls.blockGap,true
core/accordion-panel,__experimentalBorder.color,true
core/accordion-panel,__experimentalBorder.radius,true
core/accordion-panel,__experimentalBorder.style,true
core/accordion-panel,__experimentalBorder.width,true
core/accordion-panel,__experimentalBorder.__experimentalDefaultControls.color,true
core/accordion-panel,__experimentalBorder.__experimentalDefaultControls.radius,true
core/accordion-panel,__experimentalBorder.__experimentalDefaultControls.style,true
core/accordion-panel,__experimentalBorder.__experimentalDefaultControls.width,true
core/accordion-panel,typography.fontSize,true
core/accordion-panel,typography.lineHeight,true
core/accordion-panel,typography.__experimentalFontFamily,true
core/accordion-panel,typography.__experimentalFontWeight,true
core/accordion-panel,typography.__experimentalFontStyle,true
core/accordion-panel,typography.__experimentalTextTransform,true
core/accordion-panel,typography.__experimentalTextDecoration,true
core/accordion-panel,typography.__experimentalLetterSpacing,true
core/accordion-panel,typography.__experimentalDefaultControls.fontSize,true
core/accordion-panel,shadow,true
core/accordion-panel,layout.allowEditing,false
core/accordion-panel,visibility,false
core/accordion-panel,contentRole,true
core/accordion-panel,allowedBlocks,true
core/accordion-panel,lock,false
core/archives,anchor,true
core/archives,align,true
core/archives,__experimentalBorder.radius,true
core/archives,__experimentalBorder.color,true
core/archives,__experimentalBorder.width,true
core/archives,__experimentalBorder.style,true
core/archives,html,false
core/archives,spacing.margin,true
core/archives,spacing.padding,true
core/archives,spacing.__experimentalDefaultControls.margin,false
core/archives,spacing.__experimentalDefaultControls.padding,false
core/archives,typography.fontSize,true
core/archives,typography.lineHeight,true
core/archives,typography.__experimentalFontFamily,true
core/archives,typography.__experimentalFontWeight,true
core/archives,typography.__experimentalFontStyle,true
core/archives,typography.__experimentalTextTransform,true
core/archives,typography.__experimentalTextDecoration,true
core/archives,typography.__experimentalLetterSpacing,true
core/archives,typography.__experimentalDefaultControls.fontSize,true
core/archives,color.gradients,true
core/archives,color.link,true
core/archives,color.__experimentalDefaultControls.background,true
core/archives,color.__experimentalDefaultControls.text,true
core/archives,color.__experimentalDefaultControls.link,true
core/archives,interactivity.clientNavigation,true
core/audio,anchor,true
core/audio,align,true
core/audio,spacing.margin,true
core/audio,spacing.padding,true
core/audio,spacing.__experimentalDefaultControls.margin,false
core/audio,spacing.__experimentalDefaultControls.padding,false
core/audio,interactivity.clientNavigation,true
core/avatar,anchor,true
core/avatar,html,false
core/avatar,align,true
core/avatar,alignWide,false
core/avatar,spacing.margin,true
core/avatar,spacing.padding,true
core/avatar,spacing.__experimentalDefaultControls.margin,false
core/avatar,spacing.__experimentalDefaultControls.padding,false
core/avatar,__experimentalBorder.__experimentalSkipSerialization,true
core/avatar,__experimentalBorder.radius,true
core/avatar,__experimentalBorder.width,true
core/avatar,__experimentalBorder.color,true
core/avatar,__experimentalBorder.style,true
core/avatar,__experimentalBorder.__experimentalDefaultControls.radius,true
core/avatar,color.text,false
core/avatar,color.background,false
core/avatar,filter.duotone,true
core/avatar,interactivity.clientNavigation,true
core/block,customClassName,false
core/block,html,false
core/block,inserter,false
core/block,renaming,false
core/block,interactivity.clientNavigation,true
core/block,customCSS,false
core/breadcrumbs,anchor,true
core/breadcrumbs,html,false
core/breadcrumbs,align,"[""wide"", ""full""]"
core/breadcrumbs,spacing.margin,true
core/breadcrumbs,spacing.padding,true
core/breadcrumbs,color.gradients,true
core/breadcrumbs,color.link,true
core/breadcrumbs,color.__experimentalDefaultControls.background,true
core/breadcrumbs,color.__experimentalDefaultControls.text,true
core/breadcrumbs,__experimentalBorder.radius,true
core/breadcrumbs,__experimentalBorder.color,true
core/breadcrumbs,__experimentalBorder.width,true
core/breadcrumbs,__experimentalBorder.style,true
core/breadcrumbs,__experimentalBorder.__experimentalDefaultControls.radius,false
core/breadcrumbs,__experimentalBorder.__experimentalDefaultControls.color,true
core/breadcrumbs,__experimentalBorder.__experimentalDefaultControls.width,true
core/breadcrumbs,__experimentalBorder.__experimentalDefaultControls.style,true
core/breadcrumbs,typography.fontSize,true
core/breadcrumbs,typography.lineHeight,true
core/breadcrumbs,typography.__experimentalFontFamily,true
core/breadcrumbs,typography.__experimentalFontWeight,true
core/breadcrumbs,typography.__experimentalFontStyle,true
core/breadcrumbs,typography.__experimentalTextTransform,true
core/breadcrumbs,typography.__experimentalTextDecoration,true
core/breadcrumbs,typography.__experimentalLetterSpacing,true
core/breadcrumbs,typography.__experimentalDefaultControls.fontSize,true
core/breadcrumbs,interactivity.clientNavigation,true
core/button,anchor,true
core/button,splitting,true
core/button,align,false
core/button,alignWide,false
core/button,color.__experimentalSkipSerialization,true
core/button,color.gradients,true
core/button,color.__experimentalDefaultControls.background,true
core/button,color.__experimentalDefaultControls.text,true
core/button,dimensions.width,true
core/button,dimensions.__experimentalSkipSerialization,"[""width""]"
core/button,dimensions.__experimentalDefaultControls.width,true
core/button,typography.__experimentalSkipSerialization,"[""fontSize"", ""lineHeight"", ""textAlign"", ""fontFamily"", ""fontWeight"", ""fontStyle"", ""textTransform"", ""textDecoration"", ""letterSpacing""]"
core/button,typography.fontSize,true
core/button,typography.lineHeight,true
core/button,typography.textAlign,true
core/button,typography.__experimentalFontFamily,true
core/button,typography.__experimentalFontWeight,true
core/button,typography.__experimentalFontStyle,true
core/button,typography.__experimentalTextTransform,true
core/button,typography.__experimentalTextDecoration,true
core/button,typography.__experimentalLetterSpacing,true
core/button,typography.__experimentalWritingMode,true
core/button,typography.__experimentalDefaultControls.fontSize,true
core/button,reusable,false
core/button,shadow.__experimentalSkipSerialization,true
core/button,spacing.__experimentalSkipSerialization,true
core/button,spacing.padding,"[""horizontal"", ""vertical""]"
core/button,spacing.__experimentalDefaultControls.padding,true
core/button,__experimentalBorder.color,true
core/button,__experimentalBorder.radius,true
core/button,__experimentalBorder.style,true
core/button,__experimentalBorder.width,true
core/button,__experimentalBorder.__experimentalSkipSerialization,true
core/button,__experimentalBorder.__experimentalDefaultControls.color,true
core/button,__experimentalBorder.__experimentalDefaultControls.radius,true
core/button,__experimentalBorder.__experimentalDefaultControls.style,true
core/button,__experimentalBorder.__experimentalDefaultControls.width,true
core/button,interactivity.clientNavigation,true
core/buttons,anchor,true
core/buttons,align,"[""wide"", ""full""]"
core/buttons,html,false
core/buttons,__experimentalExposeControlsToChildren,true
core/buttons,color.gradients,true
core/buttons,color.text,false
core/buttons,color.__experimentalDefaultControls.background,true
core/buttons,spacing.blockGap,"[""horizontal"", ""vertical""]"
core/buttons,spacing.padding,true
core/buttons,spacing.margin,"[""top"", ""bottom""]"
core/buttons,spacing.__experimentalDefaultControls.blockGap,true
core/buttons,typography.fontSize,true
core/buttons,typography.lineHeight,true
core/buttons,typography.__experimentalFontFamily,true
core/buttons,typography.__experimentalFontWeight,true
core/buttons,typography.__experimentalFontStyle,true
core/buttons,typography.__experimentalTextTransform,true
core/buttons,typography.__experimentalTextDecoration,true
core/buttons,typography.__experimentalLetterSpacing,true
core/buttons,typography.__experimentalDefaultControls.fontSize,true
core/buttons,__experimentalBorder.color,true
core/buttons,__experimentalBorder.radius,true
core/buttons,__experimentalBorder.style,true
core/buttons,__experimentalBorder.width,true
core/buttons,__experimentalBorder.__experimentalDefaultControls.color,true
core/buttons,__experimentalBorder.__experimentalDefaultControls.radius,true
core/buttons,__experimentalBorder.__experimentalDefaultControls.style,true
core/buttons,__experimentalBorder.__experimentalDefaultControls.width,true
core/buttons,layout.allowSwitching,false
core/buttons,layout.allowInheriting,false
core/buttons,layout.default.type,"""flex"""
core/buttons,interactivity.clientNavigation,true
core/buttons,listView,true
core/buttons,contentRole,true
core/calendar,anchor,true
core/calendar,align,true
core/calendar,html,false
core/calendar,color.link,true
core/calendar,color.__experimentalSkipSerialization,"[""text"", ""background""]"
core/calendar,color.__experimentalDefaultControls.background,true
core/calendar,color.__experimentalDefaultControls.text,true
core/calendar,color.__experimentalSelector,"""table, th"""
core/calendar,typography.fontSize,true
core/calendar,typography.lineHeight,true
core/calendar,typography.__experimentalFontFamily,true
core/calendar,typography.__experimentalFontWeight,true
core/calendar,typography.__experimentalFontStyle,true
core/calendar,typography.__experimentalTextTransform,true
core/calendar,typography.__experimentalLetterSpacing,true
core/calendar,typography.__experimentalDefaultControls.fontSize,true
core/calendar,interactivity.clientNavigation,true
core/categories,anchor,true
core/categories,align,true
core/categories,html,false
core/categories,spacing.margin,true
core/categories,spacing.padding,true
core/categories,spacing.__experimentalDefaultControls.margin,false
core/categories,spacing.__experimentalDefaultControls.padding,false
core/categories,typography.fontSize,true
core/categories,typography.lineHeight,true
core/categories,typography.__experimentalFontFamily,true
core/categories,typography.__experimentalFontWeight,true
core/categories,typography.__experimentalFontStyle,true
core/categories,typography.__experimentalTextTransform,true
core/categories,typography.__experimentalTextDecoration,true
core/categories,typography.__experimentalLetterSpacing,true
core/categories,typography.__experimentalDefaultControls.fontSize,true
core/categories,color.gradients,true
core/categories,color.link,true
core/categories,color.__experimentalDefaultControls.background,true
core/categories,color.__experimentalDefaultControls.text,true
core/categories,color.__experimentalDefaultControls.link,true
core/categories,interactivity.clientNavigation,true
core/categories,__experimentalBorder.radius,true
core/categories,__experimentalBorder.color,true
core/categories,__experimentalBorder.width,true
core/categories,__experimentalBorder.style,true
core/categories,__experimentalBorder.__experimentalDefaultControls.radius,true
core/categories,__experimentalBorder.__experimentalDefaultControls.color,true
core/categories,__experimentalBorder.__experimentalDefaultControls.width,true
core/categories,__experimentalBorder.__experimentalDefaultControls.style,true
core/code,align,"[""wide""]"
core/code,anchor,true
core/code,typography.fontSize,true
core/code,typography.lineHeight,true
core/code,typography.__experimentalFontFamily,true
core/code,typography.__experimentalFontWeight,true
core/code,typography.__experimentalFontStyle,true
core/code,typography.__experimentalTextTransform,true
core/code,typography.__experimentalTextDecoration,true
core/code,typography.__experimentalLetterSpacing,true
core/code,typography.__experimentalDefaultControls.fontSize,true
core/code,spacing.margin,"[""top"", ""bottom""]"
core/code,spacing.padding,true
core/code,spacing.__experimentalDefaultControls.margin,false
core/code,spacing.__experimentalDefaultControls.padding,false
core/code,__experimentalBorder.radius,true
core/code,__experimentalBorder.color,true
core/code,__experimentalBorder.width,true
core/code,__experimentalBorder.style,true
core/code,__experimentalBorder.__experimentalDefaultControls.width,true
core/code,__experimentalBorder.__experimentalDefaultControls.color,true
core/code,color.text,true
core/code,color.background,true
core/code,color.gradients,true
core/code,color.__experimentalDefaultControls.background,true
core/code,color.__experimentalDefaultControls.text,true
core/code,interactivity.clientNavigation,true
core/column,__experimentalOnEnter,true
core/column,anchor,true
core/column,reusable,false
core/column,html,false
core/column,color.gradients,true
core/column,color.heading,true
core/column,color.button,true
core/column,color.link,true
core/column,color.__experimentalDefaultControls.background,true
core/column,color.__experimentalDefaultControls.text,true
core/column,shadow,true
core/column,spacing.blockGap,true
core/column,spacing.padding,true
core/column,spacing.__experimentalDefaultControls.padding,true
core/column,spacing.__experimentalDefaultControls.blockGap,true
core/column,__experimentalBorder.color,true
core/column,__experimentalBorder.radius,true
core/column,__experimentalBorder.style,true
core/column,__experimentalBorder.width,true
core/column,__experimentalBorder.__experimentalDefaultControls.color,true
core/column,__experimentalBorder.__experimentalDefaultControls.radius,true
core/column,__experimentalBorder.__experimentalDefaultControls.style,true
core/column,__experimentalBorder.__experimentalDefaultControls.width,true
core/column,typography.fontSize,true
core/column,typography.lineHeight,true
core/column,typography.__experimentalFontFamily,true
core/column,typography.__experimentalFontWeight,true
core/column,typography.__experimentalFontStyle,true
core/column,typography.__experimentalTextTransform,true
core/column,typography.__experimentalTextDecoration,true
core/column,typography.__experimentalLetterSpacing,true
core/column,typography.__experimentalDefaultControls.fontSize,true
core/column,layout,true
core/column,interactivity.clientNavigation,true
core/column,allowedBlocks,true
core/columns,anchor,true
core/columns,align,"[""wide"", ""full""]"
core/columns,html,false
core/columns,color.gradients,true
core/columns,color.link,true
core/columns,color.heading,true
core/columns,color.button,true
core/columns,color.__experimentalDefaultControls.background,true
core/columns,color.__experimentalDefaultControls.text,true
core/columns,spacing.blockGap.__experimentalDefault,"""2em"""
core/columns,spacing.blockGap.sides,"[""horizontal"", ""vertical""]"
core/columns,spacing.margin,"[""top"", ""bottom""]"
core/columns,spacing.padding,true
core/columns,spacing.__experimentalDefaultControls.padding,true
core/columns,spacing.__experimentalDefaultControls.blockGap,true
core/columns,layout.allowSwitching,false
core/columns,layout.allowInheriting,false
core/columns,layout.allowEditing,false
core/columns,layout.default.type,"""flex"""
core/columns,layout.default.flexWrap,"""nowrap"""
core/columns,__experimentalBorder.color,true
core/columns,__experimentalBorder.radius,true
core/columns,__experimentalBorder.style,true
core/columns,__experimentalBorder.width,true
core/columns,__experimentalBorder.__experimentalDefaultControls.color,true
core/columns,__experimentalBorder.__experimentalDefaultControls.radius,true
core/columns,__experimentalBorder.__experimentalDefaultControls.style,true
core/columns,__experimentalBorder.__experimentalDefaultControls.width,true
core/columns,typography.fontSize,true
core/columns,typography.lineHeight,true
core/columns,typography.__experimentalFontFamily,true
core/columns,typography.__experimentalFontWeight,true
core/columns,typography.__experimentalFontStyle,true
core/columns,typography.__experimentalTextTransform,true
core/columns,typography.__experimentalTextDecoration,true
core/columns,typography.__experimentalLetterSpacing,true
core/columns,typography.__experimentalDefaultControls.fontSize,true
core/columns,interactivity.clientNavigation,true
core/columns,shadow,true
core/comment-author-name,anchor,true
core/comment-author-name,html,false
core/comment-author-name,spacing.margin,true
core/comment-author-name,spacing.padding,true
core/comment-author-name,color.gradients,true
core/comment-author-name,color.link,true
core/comment-author-name,color.__experimentalDefaultControls.background,true
core/comment-author-name,color.__experimentalDefaultControls.text,true
core/comment-author-name,color.__experimentalDefaultControls.link,true
core/comment-author-name,typography.fontSize,true
core/comment-author-name,typography.lineHeight,true
core/comment-author-name,typography.textAlign,true
core/comment-author-name,typography.__experimentalFontFamily,true
core/comment-author-name,typography.__experimentalFontWeight,true
core/comment-author-name,typography.__experimentalFontStyle,true
core/comment-author-name,typography.__experimentalTextTransform,true
core/comment-author-name,typography.__experimentalTextDecoration,true
core/comment-author-name,typography.__experimentalLetterSpacing,true
core/comment-author-name,typography.__experimentalDefaultControls.fontSize,true
core/comment-author-name,interactivity.clientNavigation,true
core/comment-author-name,__experimentalBorder.radius,true
core/comment-author-name,__experimentalBorder.color,true
core/comment-author-name,__experimentalBorder.width,true
core/comment-author-name,__experimentalBorder.style,true
core/comment-author-name,__experimentalBorder.__experimentalDefaultControls.radius,true
core/comment-author-name,__experimentalBorder.__experimentalDefaultControls.color,true
core/comment-author-name,__experimentalBorder.__experimentalDefaultControls.width,true
core/comment-author-name,__experimentalBorder.__experimentalDefaultControls.style,true
core/comment-content,anchor,true
core/comment-content,color.gradients,true
core/comment-content,color.link,true
core/comment-content,color.__experimentalDefaultControls.background,true
core/comment-content,color.__experimentalDefaultControls.text,true
core/comment-content,typography.fontSize,true
core/comment-content,typography.lineHeight,true
core/comment-content,typography.textAlign,true
core/comment-content,typography.__experimentalFontFamily,true
core/comment-content,typography.__experimentalFontWeight,true
core/comment-content,typography.__experimentalFontStyle,true
core/comment-content,typography.__experimentalTextTransform,true
core/comment-content,typography.__experimentalTextDecoration,true
core/comment-content,typography.__experimentalLetterSpacing,true
core/comment-content,typography.__experimentalDefaultControls.fontSize,true
core/comment-content,__experimentalBorder.radius,true
core/comment-content,__experimentalBorder.color,true
core/comment-content,__experimentalBorder.width,true
core/comment-content,__experimentalBorder.style,true
core/comment-content,__experimentalBorder.__experimentalDefaultControls.radius,true
core/comment-content,__experimentalBorder.__experimentalDefaultControls.color,true
core/comment-content,__experimentalBorder.__experimentalDefaultControls.width,true
core/comment-content,__experimentalBorder.__experimentalDefaultControls.style,true
core/comment-content,spacing.padding,"[""horizontal"", ""vertical""]"
core/comment-content,spacing.__experimentalDefaultControls.padding,true
core/comment-content,html,false
core/comment-date,anchor,true
core/comment-date,html,false
core/comment-date,color.gradients,true
core/comment-date,color.link,true
core/comment-date,color.__experimentalDefaultControls.background,true
core/comment-date,color.__experimentalDefaultControls.text,true
core/comment-date,color.__experimentalDefaultControls.link,true
core/comment-date,spacing.margin,true
core/comment-date,spacing.padding,true
core/comment-date,typography.fontSize,true
core/comment-date,typography.lineHeight,true
core/comment-date,typography.textAlign,true
core/comment-date,typography.__experimentalFontFamily,true
core/comment-date,typography.__experimentalFontWeight,true
core/comment-date,typography.__experimentalFontStyle,true
core/comment-date,typography.__experimentalTextTransform,true
core/comment-date,typography.__experimentalTextDecoration,true
core/comment-date,typography.__experimentalLetterSpacing,true
core/comment-date,typography.__experimentalDefaultControls.fontSize,true
core/comment-date,interactivity.clientNavigation,true
core/comment-date,__experimentalBorder.radius,true
core/comment-date,__experimentalBorder.color,true
core/comment-date,__experimentalBorder.width,true
core/comment-date,__experimentalBorder.style,true
core/comment-date,__experimentalBorder.__experimentalDefaultControls.radius,true
core/comment-date,__experimentalBorder.__experimentalDefaultControls.color,true
core/comment-date,__experimentalBorder.__experimentalDefaultControls.width,true
core/comment-date,__experimentalBorder.__experimentalDefaultControls.style,true
core/comment-edit-link,anchor,true
core/comment-edit-link,html,false
core/comment-edit-link,color.link,true
core/comment-edit-link,color.gradients,true
core/comment-edit-link,color.text,false
core/comment-edit-link,color.__experimentalDefaultControls.background,true
core/comment-edit-link,color.__experimentalDefaultControls.link,true
core/comment-edit-link,spacing.margin,true
core/comment-edit-link,spacing.padding,true
core/comment-edit-link,spacing.__experimentalDefaultControls.margin,false
core/comment-edit-link,spacing.__experimentalDefaultControls.padding,false
core/comment-edit-link,typography.fontSize,true
core/comment-edit-link,typography.lineHeight,true
core/comment-edit-link,typography.textAlign,true
core/comment-edit-link,typography.__experimentalFontFamily,true
core/comment-edit-link,typography.__experimentalFontWeight,true
core/comment-edit-link,typography.__experimentalFontStyle,true
core/comment-edit-link,typography.__experimentalTextTransform,true
core/comment-edit-link,typography.__experimentalTextDecoration,true
core/comment-edit-link,typography.__experimentalLetterSpacing,true
core/comment-edit-link,typography.__experimentalDefaultControls.fontSize,true
core/comment-edit-link,interactivity.clientNavigation,true
core/comment-edit-link,__experimentalBorder.radius,true
core/comment-edit-link,__experimentalBorder.color,true
core/comment-edit-link,__experimentalBorder.width,true
core/comment-edit-link,__experimentalBorder.style,true
core/comment-reply-link,anchor,true
core/comment-reply-link,color.gradients,true
core/comment-reply-link,color.link,true
core/comment-reply-link,color.text,false
core/comment-reply-link,color.__experimentalDefaultControls.background,true
core/comment-reply-link,color.__experimentalDefaultControls.link,true
core/comment-reply-link,spacing.margin,true
core/comment-reply-link,spacing.padding,true
core/comment-reply-link,spacing.__experimentalDefaultControls.margin,false
core/comment-reply-link,spacing.__experimentalDefaultControls.padding,false
core/comment-reply-link,typography.fontSize,true
core/comment-reply-link,typography.lineHeight,true
core/comment-reply-link,typography.textAlign,true
core/comment-reply-link,typography.__experimentalFontFamily,true
core/comment-reply-link,typography.__experimentalFontWeight,true
core/comment-reply-link,typography.__experimentalFontStyle,true
core/comment-reply-link,typography.__experimentalTextTransform,true
core/comment-reply-link,typography.__experimentalTextDecoration,true
core/comment-reply-link,typography.__experimentalLetterSpacing,true
core/comment-reply-link,typography.__experimentalDefaultControls.fontSize,true
core/comment-reply-link,__experimentalBorder.radius,true
core/comment-reply-link,__experimentalBorder.color,true
core/comment-reply-link,__experimentalBorder.width,true
core/comment-reply-link,__experimentalBorder.style,true
core/comment-reply-link,html,false
core/comment-template,anchor,true
core/comment-template,align,true
core/comment-template,html,false
core/comment-template,reusable,false
core/comment-template,spacing.margin,true
core/comment-template,spacing.padding,true
core/comment-template,typography.fontSize,true
core/comment-template,typography.lineHeight,true
core/comment-template,typography.__experimentalFontFamily,true
core/comment-template,typography.__experimentalFontWeight,true
core/comment-template,typography.__experimentalFontStyle,true
core/comment-template,typography.__experimentalTextTransform,true
core/comment-template,typography.__experimentalTextDecoration,true
core/comment-template,typography.__experimentalLetterSpacing,true
core/comment-template,typography.__experimentalDefaultControls.fontSize,true
core/comment-template,interactivity.clientNavigation,true
core/comment-template,__experimentalBorder.radius,true
core/comment-template,__experimentalBorder.color,true
core/comment-template,__experimentalBorder.width,true
core/comment-template,__experimentalBorder.style,true
core/comment-template,__experimentalBorder.__experimentalDefaultControls.radius,true
core/comment-template,__experimentalBorder.__experimentalDefaultControls.color,true
core/comment-template,__experimentalBorder.__experimentalDefaultControls.width,true
core/comment-template,__experimentalBorder.__experimentalDefaultControls.style,true
core/comments,anchor,true
core/comments,align,"[""wide"", ""full""]"
core/comments,html,false
core/comments,color.gradients,true
core/comments,color.heading,true
core/comments,color.link,true
core/comments,color.__experimentalDefaultControls.background,true
core/comments,color.__experimentalDefaultControls.text,true
core/comments,color.__experimentalDefaultControls.link,true
core/comments,spacing.margin,true
core/comments,spacing.padding,true
core/comments,typography.fontSize,true
core/comments,typography.lineHeight,true
core/comments,typography.__experimentalFontFamily,true
core/comments,typography.__experimentalFontWeight,true
core/comments,typography.__experimentalFontStyle,true
core/comments,typography.__experimentalTextTransform,true
core/comments,typography.__experimentalTextDecoration,true
core/comments,typography.__experimentalLetterSpacing,true
core/comments,typography.__experimentalDefaultControls.fontSize,true
core/comments,__experimentalBorder.radius,true
core/comments,__experimentalBorder.color,true
core/comments,__experimentalBorder.width,true
core/comments,__experimentalBorder.style,true
core/comments,__experimentalBorder.__experimentalDefaultControls.radius,true
core/comments,__experimentalBorder.__experimentalDefaultControls.color,true
core/comments,__experimentalBorder.__experimentalDefaultControls.width,true
core/comments,__experimentalBorder.__experimentalDefaultControls.style,true
core/comments-pagination,anchor,true
core/comments-pagination,align,true
core/comments-pagination,reusable,false
core/comments-pagination,html,false
core/comments-pagination,color.gradients,true
core/comments-pagination,color.link,true
core/comments-pagination,color.__experimentalDefaultControls.background,true
core/comments-pagination,color.__experimentalDefaultControls.text,true
core/comments-pagination,color.__experimentalDefaultControls.link,true
core/comments-pagination,layout.allowSwitching,false
core/comments-pagination,layout.allowInheriting,false
core/comments-pagination,layout.default.type,"""flex"""
core/comments-pagination,typography.fontSize,true
core/comments-pagination,typography.lineHeight,true
core/comments-pagination,typography.__experimentalFontFamily,true
core/comments-pagination,typography.__experimentalFontWeight,true
core/comments-pagination,typography.__experimentalFontStyle,true
core/comments-pagination,typography.__experimentalTextTransform,true
core/comments-pagination,typography.__experimentalTextDecoration,true
core/comments-pagination,typography.__experimentalLetterSpacing,true
core/comments-pagination,typography.__experimentalDefaultControls.fontSize,true
core/comments-pagination,interactivity.clientNavigation,true
core/comments-pagination-next,anchor,true
core/comments-pagination-next,reusable,false
core/comments-pagination-next,html,false
core/comments-pagination-next,color.gradients,true
core/comments-pagination-next,color.text,false
core/comments-pagination-next,color.__experimentalDefaultControls.background,true
core/comments-pagination-next,typography.fontSize,true
core/comments-pagination-next,typography.lineHeight,true
core/comments-pagination-next,typography.__experimentalFontFamily,true
core/comments-pagination-next,typography.__experimentalFontWeight,true
core/comments-pagination-next,typography.__experimentalFontStyle,true
core/comments-pagination-next,typography.__experimentalTextTransform,true
core/comments-pagination-next,typography.__experimentalTextDecoration,true
core/comments-pagination-next,typography.__experimentalLetterSpacing,true
core/comments-pagination-next,typography.__experimentalDefaultControls.fontSize,true
core/comments-pagination-next,interactivity.clientNavigation,true
core/comments-pagination-numbers,anchor,true
core/comments-pagination-numbers,reusable,false
core/comments-pagination-numbers,html,false
core/comments-pagination-numbers,color.gradients,true
core/comments-pagination-numbers,color.text,false
core/comments-pagination-numbers,color.__experimentalDefaultControls.background,true
core/comments-pagination-numbers,typography.fontSize,true
core/comments-pagination-numbers,typography.lineHeight,true
core/comments-pagination-numbers,typography.__experimentalFontFamily,true
core/comments-pagination-numbers,typography.__experimentalFontWeight,true
core/comments-pagination-numbers,typography.__experimentalFontStyle,true
core/comments-pagination-numbers,typography.__experimentalTextTransform,true
core/comments-pagination-numbers,typography.__experimentalTextDecoration,true
core/comments-pagination-numbers,typography.__experimentalLetterSpacing,true
core/comments-pagination-numbers,typography.__experimentalDefaultControls.fontSize,true
core/comments-pagination-numbers,interactivity.clientNavigation,true
core/comments-pagination-numbers,spacing.margin,true
core/comments-pagination-numbers,spacing.padding,true
core/comments-pagination-numbers,spacing.__experimentalDefaultControls.padding,true
core/comments-pagination-previous,anchor,true
core/comments-pagination-previous,reusable,false
core/comments-pagination-previous,html,false
core/comments-pagination-previous,color.gradients,true
core/comments-pagination-previous,color.text,false
core/comments-pagination-previous,color.__experimentalDefaultControls.background,true
core/comments-pagination-previous,typography.fontSize,true
core/comments-pagination-previous,typography.lineHeight,true
core/comments-pagination-previous,typography.__experimentalFontFamily,true
core/comments-pagination-previous,typography.__experimentalFontWeight,true
core/comments-pagination-previous,typography.__experimentalFontStyle,true
core/comments-pagination-previous,typography.__experimentalTextTransform,true
core/comments-pagination-previous,typography.__experimentalTextDecoration,true
core/comments-pagination-previous,typography.__experimentalLetterSpacing,true
core/comments-pagination-previous,typography.__experimentalDefaultControls.fontSize,true
core/comments-pagination-previous,interactivity.clientNavigation,true
core/comments-title,anchor,true
core/comments-title,align,true
core/comments-title,html,false
core/comments-title,__experimentalBorder.radius,true
core/comments-title,__experimentalBorder.color,true
core/comments-title,__experimentalBorder.width,true
core/comments-title,__experimentalBorder.style,true
core/comments-title,color.gradients,true
core/comments-title,color.__experimentalDefaultControls.background,true
core/comments-title,color.__experimentalDefaultControls.text,true
core/comments-title,spacing.margin,true
core/comments-title,spacing.padding,true
core/comments-title,typography.fontSize,true
core/comments-title,typography.lineHeight,true
core/comments-title,typography.textAlign,true
core/comments-title,typography.__experimentalFontFamily,true
core/comments-title,typography.__experimentalFontWeight,true
core/comments-title,typography.__experimentalFontStyle,true
core/comments-title,typography.__experimentalTextTransform,true
core/comments-title,typography.__experimentalTextDecoration,true
core/comments-title,typography.__experimentalLetterSpacing,true
core/comments-title,typography.__experimentalDefaultControls.fontSize,true
core/comments-title,typography.__experimentalDefaultControls.__experimentalFontFamily,true
core/comments-title,typography.__experimentalDefaultControls.__experimentalFontStyle,true
core/comments-title,typography.__experimentalDefaultControls.__experimentalFontWeight,true
core/comments-title,interactivity.clientNavigation,true
core/cover,anchor,true
core/cover,align,true
core/cover,html,false
core/cover,shadow,true
core/cover,spacing.padding,true
core/cover,spacing.margin,"[""top"", ""bottom""]"
core/cover,spacing.blockGap,true
core/cover,spacing.__experimentalDefaultControls.padding,true
core/cover,spacing.__experimentalDefaultControls.blockGap,true
core/cover,__experimentalBorder.color,true
core/cover,__experimentalBorder.radius,true
core/cover,__experimentalBorder.style,true
core/cover,__experimentalBorder.width,true
core/cover,__experimentalBorder.__experimentalDefaultControls.color,true
core/cover,__experimentalBorder.__experimentalDefaultControls.radius,true
core/cover,__experimentalBorder.__experimentalDefaultControls.style,true
core/cover,__experimentalBorder.__experimentalDefaultControls.width,true
core/cover,color.heading,true
core/cover,color.text,true
core/cover,color.background,false
core/cover,color.__experimentalSkipSerialization,"[""gradients""]"
core/cover,color.enableContrastChecker,false
core/cover,dimensions.aspectRatio,true
core/cover,typography.fontSize,true
core/cover,typography.lineHeight,true
core/cover,typography.__experimentalFontFamily,true
core/cover,typography.__experimentalFontWeight,true
core/cover,typography.__experimentalFontStyle,true
core/cover,typography.__experimentalTextTransform,true
core/cover,typography.__experimentalTextDecoration,true
core/cover,typography.__experimentalLetterSpacing,true
core/cover,typography.__experimentalDefaultControls.fontSize,true
core/cover,layout.allowJustification,false
core/cover,interactivity.clientNavigation,true
core/cover,filter.duotone,true
core/cover,allowedBlocks,true
core/details,__experimentalOnEnter,true
core/details,align,"[""wide"", ""full""]"
core/details,anchor,true
core/details,color.gradients,true
core/details,color.link,true
core/details,color.__experimentalDefaultControls.background,true
core/details,color.__experimentalDefaultControls.text,true
core/details,__experimentalBorder.color,true
core/details,__experimentalBorder.width,true
core/details,__experimentalBorder.style,true
core/details,html,false
core/details,spacing.margin,true
core/details,spacing.padding,true
core/details,spacing.blockGap,true
core/details,spacing.__experimentalDefaultControls.margin,false
core/details,spacing.__experimentalDefaultControls.padding,false
core/details,typography.fontSize,true
core/details,typography.lineHeight,true
core/details,typography.__experimentalFontFamily,true
core/details,typography.__experimentalFontWeight,true
core/details,typography.__experimentalFontStyle,true
core/details,typography.__experimentalTextTransform,true
core/details,typography.__experimentalTextDecoration,true
core/details,typography.__experimentalLetterSpacing,true
core/details,typography.__experimentalDefaultControls.fontSize,true
core/details,layout.allowEditing,false
core/details,interactivity.clientNavigation,true
core/details,allowedBlocks,true
core/embed,anchor,true
core/embed,align,true
core/embed,spacing.margin,true
core/embed,interactivity.clientNavigation,true
core/file,anchor,true
core/file,align,true
core/file,spacing.margin,true
core/file,spacing.padding,true
core/file,color.gradients,true
core/file,color.link,true
core/file,color.text,false
core/file,color.__experimentalDefaultControls.background,true
core/file,color.__experimentalDefaultControls.link,true
core/file,__experimentalBorder.radius,true
core/file,__experimentalBorder.color,true
core/file,__experimentalBorder.width,true
core/file,__experimentalBorder.style,true
core/file,__experimentalBorder.__experimentalDefaultControls.radius,true
core/file,__experimentalBorder.__experimentalDefaultControls.color,true
core/file,__experimentalBorder.__experimentalDefaultControls.width,true
core/file,__experimentalBorder.__experimentalDefaultControls.style,true
core/file,interactivity,true
core/footnotes,anchor,true
core/footnotes,__experimentalBorder.radius,true
core/footnotes,__experimentalBorder.color,true
core/footnotes,__experimentalBorder.width,true
core/footnotes,__experimentalBorder.style,true
core/footnotes,__experimentalBorder.__experimentalDefaultControls.radius,false
core/footnotes,__experimentalBorder.__experimentalDefaultControls.color,false
core/footnotes,__experimentalBorder.__experimentalDefaultControls.width,false
core/footnotes,__experimentalBorder.__experimentalDefaultControls.style,false
core/footnotes,color.background,true
core/footnotes,color.link,true
core/footnotes,color.text,true
core/footnotes,color.__experimentalDefaultControls.link,true
core/footnotes,color.__experimentalDefaultControls.text,true
core/footnotes,html,false
core/footnotes,multiple,false
core/footnotes,reusable,false
core/footnotes,inserter,false
core/footnotes,spacing.margin,true
core/footnotes,spacing.padding,true
core/footnotes,spacing.__experimentalDefaultControls.margin,false
core/footnotes,spacing.__experimentalDefaultControls.padding,false
core/footnotes,typography.fontSize,true
core/footnotes,typography.lineHeight,true
core/footnotes,typography.__experimentalFontFamily,true
core/footnotes,typography.__experimentalTextDecoration,true
core/footnotes,typography.__experimentalFontStyle,true
core/footnotes,typography.__experimentalFontWeight,true
core/footnotes,typography.__experimentalLetterSpacing,true
core/footnotes,typography.__experimentalTextTransform,true
core/footnotes,typography.__experimentalWritingMode,true
core/footnotes,typography.__experimentalDefaultControls.fontSize,true
core/footnotes,interactivity.clientNavigation,true
core/freeform,className,false
core/freeform,customClassName,false
core/freeform,lock,false
core/freeform,reusable,false
core/freeform,renaming,false
core/freeform,visibility,false
core/freeform,customCSS,false
core/gallery,anchor,true
core/gallery,align,true
core/gallery,__experimentalBorder.radius,true
core/gallery,__experimentalBorder.color,true
core/gallery,__experimentalBorder.width,true
core/gallery,__experimentalBorder.style,true
core/gallery,__experimentalBorder.__experimentalDefaultControls.color,true
core/gallery,__experimentalBorder.__experimentalDefaultControls.radius,true
core/gallery,html,false
core/gallery,units,"[""px"", ""em"", ""rem"", ""vh"", ""vw""]"
core/gallery,spacing.margin,true
core/gallery,spacing.padding,true
core/gallery,spacing.blockGap.sides,"[""horizontal"", ""vertical""]"
core/gallery,spacing.blockGap.__experimentalDefault,"""var( --wp--style--gallery-gap-default, var( --gallery-block--gutter-size, var( --wp--style--block-gap, 0.5em ) ) )"""
core/gallery,spacing.__experimentalDefaultControls.blockGap,true
core/gallery,spacing.__experimentalDefaultControls.margin,false
core/gallery,spacing.__experimentalDefaultControls.padding,false
core/gallery,color.text,false
core/gallery,color.background,true
core/gallery,color.gradients,true
core/gallery,layout.allowSwitching,false
core/gallery,layout.allowInheriting,false
core/gallery,layout.allowEditing,false
core/gallery,layout.default.type,"""flex"""
core/gallery,interactivity.clientNavigation,true
core/gallery,listView,true
core/group,__experimentalOnEnter,true
core/group,__experimentalOnMerge,true
core/group,__experimentalSettings,true
core/group,align,"[""wide"", ""full""]"
core/group,anchor,true
core/group,ariaLabel,true
core/group,html,false
core/group,background.backgroundImage,true
core/group,background.backgroundSize,true
core/group,background.gradient,true
core/group,background.__experimentalDefaultControls.backgroundImage,true
core/group,background.__experimentalDefaultControls.gradient,true
core/group,color.gradients,true
core/group,color.heading,true
core/group,color.button,true
core/group,color.link,true
core/group,color.__experimentalDefaultControls.background,true
core/group,color.__experimentalDefaultControls.text,true
core/group,shadow,true
core/group,spacing.margin,"[""top"", ""bottom""]"
core/group,spacing.padding,true
core/group,spacing.blockGap,true
core/group,spacing.__experimentalDefaultControls.padding,true
core/group,spacing.__experimentalDefaultControls.blockGap,true
core/group,dimensions.minHeight,true
core/group,dimensions.minWidth,true
core/group,__experimentalBorder.color,true
core/group,__experimentalBorder.radius,true
core/group,__experimentalBorder.style,true
core/group,__experimentalBorder.width,true
core/group,__experimentalBorder.__experimentalDefaultControls.color,true
core/group,__experimentalBorder.__experimentalDefaultControls.radius,true
core/group,__experimentalBorder.__experimentalDefaultControls.style,true
core/group,__experimentalBorder.__experimentalDefaultControls.width,true
core/group,position.sticky,true
core/group,typography.fontSize,true
core/group,typography.lineHeight,true
core/group,typography.__experimentalFontFamily,true
core/group,typography.__experimentalFontWeight,true
core/group,typography.__experimentalFontStyle,true
core/group,typography.__experimentalTextTransform,true
core/group,typography.__experimentalTextDecoration,true
core/group,typography.__experimentalLetterSpacing,true
core/group,typography.__experimentalDefaultControls.fontSize,true
core/group,layout.allowSizingOnChildren,true
core/group,interactivity.clientNavigation,true
core/group,allowedBlocks,true
core/heading,align,"[""wide"", ""full""]"
core/heading,anchor,true
core/heading,className,true
core/heading,splitting,true
core/heading,__experimentalBorder.color,true
core/heading,__experimentalBorder.radius,true
core/heading,__experimentalBorder.style,true
core/heading,__experimentalBorder.width,true
core/heading,color.gradients,true
core/heading,color.link,true
core/heading,color.__experimentalDefaultControls.background,true
core/heading,color.__experimentalDefaultControls.text,true
core/heading,spacing.margin,true
core/heading,spacing.padding,true
core/heading,spacing.__experimentalDefaultControls.margin,false
core/heading,spacing.__experimentalDefaultControls.padding,false
core/heading,typography.fontSize,true
core/heading,typography.lineHeight,true
core/heading,typography.textAlign,true
core/heading,typography.__experimentalFontFamily,true
core/heading,typography.__experimentalFontStyle,true
core/heading,typography.__experimentalFontWeight,true
core/heading,typography.__experimentalLetterSpacing,true
core/heading,typography.__experimentalTextTransform,true
core/heading,typography.__experimentalTextDecoration,true
core/heading,typography.__experimentalWritingMode,true
core/heading,typography.fitText,true
core/heading,typography.__experimentalDefaultControls.fontSize,true
core/heading,__unstablePasteTextInline,true
core/heading,__experimentalSlashInserter,true
core/heading,interactivity.clientNavigation,true
core/home-link,anchor,true
core/home-link,reusable,false
core/home-link,html,false
core/home-link,typography.fontSize,true
core/home-link,typography.lineHeight,true
core/home-link,typography.__experimentalFontFamily,true
core/home-link,typography.__experimentalFontWeight,true
core/home-link,typography.__experimentalFontStyle,true
core/home-link,typography.__experimentalTextTransform,true
core/home-link,typography.__experimentalTextDecoration,true
core/home-link,typography.__experimentalLetterSpacing,true
core/home-link,typography.__experimentalDefaultControls.fontSize,true
core/home-link,interactivity.clientNavigation,true
core/html,customClassName,false
core/html,className,false
core/html,html,false
core/html,interactivity.clientNavigation,true
core/html,listView,true
core/html,customCSS,false
core/html,visibility,false
core/icon,anchor,true
core/icon,ariaLabel.__experimentalSkipSerialization,true
core/icon,align,"[""left"", ""center"", ""right""]"
core/icon,html,false
core/icon,color.__experimentalSkipSerialization,true
core/icon,color.__experimentalDefaultControls.background,true
core/icon,color.__experimentalDefaultControls.text,true
core/icon,interactivity.clientNavigation,true
core/icon,__experimentalBorder.color,true
core/icon,__experimentalBorder.radius,true
core/icon,__experimentalBorder.style,true
core/icon,__experimentalBorder.width,true
core/icon,__experimentalBorder.__experimentalSkipSerialization,true
core/icon,__experimentalBorder.__experimentalDefaultControls.color,false
core/icon,__experimentalBorder.__experimentalDefaultControls.radius,false
core/icon,__experimentalBorder.__experimentalDefaultControls.style,false
core/icon,__experimentalBorder.__experimentalDefaultControls.width,false
core/icon,spacing.padding,true
core/icon,spacing.margin,true
core/icon,spacing.__experimentalSkipSerialization,"[""padding""]"
core/icon,spacing.__experimentalDefaultControls.margin,false
core/icon,spacing.__experimentalDefaultControls.padding,false
core/icon,dimensions.width,true
core/icon,dimensions.__experimentalSkipSerialization,"[""width""]"
core/icon,dimensions.__experimentalDefaultControls.width,true
core/image,interactivity,true
core/image,align,"[""left"", ""center"", ""right"", ""wide"", ""full""]"
core/image,anchor,true
core/image,color.text,false
core/image,color.background,false
core/image,filter.duotone,true
core/image,spacing.margin,true
core/image,__experimentalBorder.color,true
core/image,__experimentalBorder.radius,true
core/image,__experimentalBorder.width,true
core/image,__experimentalBorder.__experimentalSkipSerialization,true
core/image,__experimentalBorder.__experimentalDefaultControls.color,true
core/image,__experimentalBorder.__experimentalDefaultControls.radius,true
core/image,__experimentalBorder.__experimentalDefaultControls.width,true
core/image,shadow.__experimentalSkipSerialization,true
core/latest-comments,anchor,true
core/latest-comments,align,true
core/latest-comments,color.gradients,true
core/latest-comments,color.link,true
core/latest-comments,color.__experimentalDefaultControls.background,true
core/latest-comments,color.__experimentalDefaultControls.text,true
core/latest-comments,color.__experimentalDefaultControls.link,true
core/latest-comments,html,false
core/latest-comments,spacing.margin,true
core/latest-comments,spacing.padding,true
core/latest-comments,typography.fontSize,true
core/latest-comments,typography.lineHeight,true
core/latest-comments,typography.__experimentalFontFamily,true
core/latest-comments,typography.__experimentalFontWeight,true
core/latest-comments,typography.__experimentalFontStyle,true
core/latest-comments,typography.__experimentalTextTransform,true
core/latest-comments,typography.__experimentalTextDecoration,true
core/latest-comments,typography.__experimentalLetterSpacing,true
core/latest-comments,typography.__experimentalDefaultControls.fontSize,true
core/latest-comments,interactivity.clientNavigation,true
core/latest-posts,anchor,true
core/latest-posts,align,true
core/latest-posts,html,false
core/latest-posts,layout,true
core/latest-posts,color.gradients,true
core/latest-posts,color.link,true
core/latest-posts,color.__experimentalDefaultControls.background,true
core/latest-posts,color.__experimentalDefaultControls.text,true
core/latest-posts,color.__experimentalDefaultControls.link,true
core/latest-posts,spacing.margin,true
core/latest-posts,spacing.padding,true
core/latest-posts,spacing.blockGap.__experimentalDefault,"""1.25em"""
core/latest-posts,spacing.__experimentalDefaultControls.blockGap,true
core/latest-posts,typography.fontSize,true
core/latest-posts,typography.lineHeight,true
core/latest-posts,typography.__experimentalFontFamily,true
core/latest-posts,typography.__experimentalFontWeight,true
core/latest-posts,typography.__experimentalFontStyle,true
core/latest-posts,typography.__experimentalTextTransform,true
core/latest-posts,typography.__experimentalTextDecoration,true
core/latest-posts,typography.__experimentalLetterSpacing,true
core/latest-posts,typography.__experimentalDefaultControls.fontSize,true
core/latest-posts,__experimentalBorder.radius,true
core/latest-posts,__experimentalBorder.color,true
core/latest-posts,__experimentalBorder.width,true
core/latest-posts,__experimentalBorder.style,true
core/latest-posts,__experimentalBorder.__experimentalDefaultControls.radius,true
core/latest-posts,__experimentalBorder.__experimentalDefaultControls.color,true
core/latest-posts,__experimentalBorder.__experimentalDefaultControls.width,true
core/latest-posts,__experimentalBorder.__experimentalDefaultControls.style,true
core/latest-posts,interactivity.clientNavigation,true
core/legacy-widget,html,false
core/legacy-widget,customClassName,false
core/legacy-widget,reusable,false
core/list,anchor,true
core/list,html,false
core/list,__experimentalBorder.color,true
core/list,__experimentalBorder.radius,true
core/list,__experimentalBorder.style,true
core/list,__experimentalBorder.width,true
core/list,typography.fontSize,true
core/list,typography.lineHeight,true
core/list,typography.__experimentalFontFamily,true
core/list,typography.__experimentalFontWeight,true
core/list,typography.__experimentalFontStyle,true
core/list,typography.__experimentalTextTransform,true
core/list,typography.__experimentalTextDecoration,true
core/list,typography.__experimentalLetterSpacing,true
core/list,typography.__experimentalDefaultControls.fontSize,true
core/list,color.gradients,true
core/list,color.link,true
core/list,color.__experimentalDefaultControls.background,true
core/list,color.__experimentalDefaultControls.text,true
core/list,spacing.margin,true
core/list,spacing.padding,true
core/list,spacing.__experimentalDefaultControls.margin,false
core/list,spacing.__experimentalDefaultControls.padding,false
core/list,__unstablePasteTextInline,true
core/list,__experimentalOnMerge,true
core/list,__experimentalSlashInserter,true
core/list,interactivity.clientNavigation,true
core/list,listView,true
core/list-item,anchor,true
core/list-item,html,false
core/list-item,className,false
core/list-item,splitting,true
core/list-item,__experimentalBorder.color,true
core/list-item,__experimentalBorder.radius,true
core/list-item,__experimentalBorder.style,true
core/list-item,__experimentalBorder.width,true
core/list-item,color.gradients,true
core/list-item,color.link,true
core/list-item,color.background,true
core/list-item,color.__experimentalDefaultControls.text,true
core/list-item,spacing.margin,true
core/list-item,spacing.padding,true
core/list-item,spacing.__experimentalDefaultControls.margin,false
core/list-item,spacing.__experimentalDefaultControls.padding,false
core/list-item,typography.fontSize,true
core/list-item,typography.lineHeight,true
core/list-item,typography.__experimentalFontFamily,true
core/list-item,typography.__experimentalFontWeight,true
core/list-item,typography.__experimentalFontStyle,true
core/list-item,typography.__experimentalTextTransform,true
core/list-item,typography.__experimentalTextDecoration,true
core/list-item,typography.__experimentalLetterSpacing,true
core/list-item,typography.__experimentalDefaultControls.fontSize,true
core/list-item,interactivity.clientNavigation,true
core/loginout,anchor,true
core/loginout,className,true
core/loginout,color.background,true
core/loginout,color.text,false
core/loginout,color.gradients,true
core/loginout,color.link,true
core/loginout,spacing.margin,true
core/loginout,spacing.padding,true
core/loginout,spacing.__experimentalDefaultControls.margin,false
core/loginout,spacing.__experimentalDefaultControls.padding,false
core/loginout,typography.fontSize,true
core/loginout,typography.lineHeight,true
core/loginout,typography.__experimentalFontFamily,true
core/loginout,typography.__experimentalFontWeight,true
core/loginout,typography.__experimentalFontStyle,true
core/loginout,typography.__experimentalTextTransform,true
core/loginout,typography.__experimentalTextDecoration,true
core/loginout,typography.__experimentalLetterSpacing,true
core/loginout,typography.__experimentalDefaultControls.fontSize,true
core/loginout,__experimentalBorder.radius,true
core/loginout,__experimentalBorder.color,true
core/loginout,__experimentalBorder.width,true
core/loginout,__experimentalBorder.style,true
core/loginout,interactivity.clientNavigation,true
core/math,anchor,true
core/math,html,false
core/math,__experimentalBorder.color,true
core/math,__experimentalBorder.radius,true
core/math,__experimentalBorder.style,true
core/math,__experimentalBorder.width,true
core/math,color.gradients,true
core/math,color.__experimentalDefaultControls.background,true
core/math,color.__experimentalDefaultControls.text,true
core/math,spacing.margin,true
core/math,spacing.padding,true
core/math,spacing.__experimentalDefaultControls.margin,false
core/math,spacing.__experimentalDefaultControls.padding,false
core/math,typography.fontSize,true
core/math,typography.__experimentalDefaultControls.fontSize,true
core/media-text,anchor,true
core/media-text,align,"[""wide"", ""full""]"
core/media-text,html,false
core/media-text,__experimentalBorder.color,true
core/media-text,__experimentalBorder.radius,true
core/media-text,__experimentalBorder.style,true
core/media-text,__experimentalBorder.width,true
core/media-text,__experimentalBorder.__experimentalDefaultControls.color,true
core/media-text,__experimentalBorder.__experimentalDefaultControls.radius,true
core/media-text,__experimentalBorder.__experimentalDefaultControls.style,true
core/media-text,__experimentalBorder.__experimentalDefaultControls.width,true
core/media-text,color.gradients,true
core/media-text,color.heading,true
core/media-text,color.link,true
core/media-text,color.__experimentalDefaultControls.background,true
core/media-text,color.__experimentalDefaultControls.text,true
core/media-text,spacing.margin,true
core/media-text,spacing.padding,true
core/media-text,typography.fontSize,true
core/media-text,typography.lineHeight,true
core/media-text,typography.__experimentalFontFamily,true
core/media-text,typography.__experimentalFontWeight,true
core/media-text,typography.__experimentalFontStyle,true
core/media-text,typography.__experimentalTextTransform,true
core/media-text,typography.__experimentalTextDecoration,true
core/media-text,typography.__experimentalLetterSpacing,true
core/media-text,typography.__experimentalDefaultControls.fontSize,true
core/media-text,interactivity.clientNavigation,true
core/media-text,allowedBlocks,true
core/missing,className,false
core/missing,customClassName,false
core/missing,inserter,false
core/missing,html,false
core/missing,lock,false
core/missing,reusable,false
core/missing,renaming,false
core/missing,visibility,false
core/missing,interactivity.clientNavigation,true
core/missing,customCSS,false
core/more,customClassName,false
core/more,className,false
core/more,html,false
core/more,multiple,false
core/more,visibility,false
core/more,interactivity.clientNavigation,true
core/more,customCSS,false
core/navigation,anchor,true
core/navigation,align,"[""wide"", ""full""]"
core/navigation,ariaLabel,true
core/navigation,contentRole,true
core/navigation,html,false
core/navigation,inserter,true
core/navigation,typography.fontSize,true
core/navigation,typography.lineHeight,true
core/navigation,typography.__experimentalFontStyle,true
core/navigation,typography.__experimentalFontWeight,true
core/navigation,typography.__experimentalTextTransform,true
core/navigation,typography.__experimentalFontFamily,true
core/navigation,typography.__experimentalLetterSpacing,true
core/navigation,typography.__experimentalTextDecoration,true
core/navigation,typography.__experimentalSkipSerialization,"[""textDecoration""]"
core/navigation,typography.__experimentalDefaultControls.fontSize,true
core/navigation,spacing.blockGap,true
core/navigation,spacing.units,"[""px"", ""em"", ""rem"", ""vh"", ""vw""]"
core/navigation,spacing.__experimentalDefaultControls.blockGap,true
core/navigation,layout.allowSwitching,false
core/navigation,layout.allowInheriting,false
core/navigation,layout.allowVerticalAlignment,false
core/navigation,layout.allowSizingOnChildren,true
core/navigation,layout.default.type,"""flex"""
core/navigation,interactivity,true
core/navigation,renaming,false
core/navigation-link,anchor,true
core/navigation-link,reusable,false
core/navigation-link,html,false
core/navigation-link,__experimentalSlashInserter,true
core/navigation-link,typography.fontSize,true
core/navigation-link,typography.lineHeight,true
core/navigation-link,typography.__experimentalFontFamily,true
core/navigation-link,typography.__experimentalFontWeight,true
core/navigation-link,typography.__experimentalFontStyle,true
core/navigation-link,typography.__experimentalTextTransform,true
core/navigation-link,typography.__experimentalTextDecoration,true
core/navigation-link,typography.__experimentalLetterSpacing,true
core/navigation-link,typography.__experimentalDefaultControls.fontSize,true
core/navigation-link,renaming,false
core/navigation-link,interactivity.clientNavigation,true
core/navigation-overlay-close,color.gradients,false
core/navigation-overlay-close,color.__experimentalDefaultControls.background,true
core/navigation-overlay-close,color.__experimentalDefaultControls.text,true
core/navigation-overlay-close,spacing.padding,true
core/navigation-overlay-close,spacing.__experimentalDefaultControls.padding,true
core/navigation-overlay-close,typography.fontSize,true
core/navigation-overlay-close,typography.lineHeight,true
core/navigation-overlay-close,typography.__experimentalFontFamily,true
core/navigation-overlay-close,typography.__experimentalFontWeight,true
core/navigation-overlay-close,typography.__experimentalFontStyle,true
core/navigation-overlay-close,typography.__experimentalTextTransform,true
core/navigation-overlay-close,typography.__experimentalTextDecoration,true
core/navigation-overlay-close,typography.__experimentalLetterSpacing,true
core/navigation-overlay-close,typography.__experimentalDefaultControls.fontSize,true
core/navigation-submenu,anchor,true
core/navigation-submenu,reusable,false
core/navigation-submenu,html,false
core/navigation-submenu,typography.fontSize,true
core/navigation-submenu,typography.lineHeight,true
core/navigation-submenu,typography.__experimentalFontFamily,true
core/navigation-submenu,typography.__experimentalFontWeight,true
core/navigation-submenu,typography.__experimentalFontStyle,true
core/navigation-submenu,typography.__experimentalTextTransform,true
core/navigation-submenu,typography.__experimentalTextDecoration,true
core/navigation-submenu,typography.__experimentalLetterSpacing,true
core/navigation-submenu,typography.__experimentalDefaultControls.fontSize,true
core/navigation-submenu,interactivity.clientNavigation,true
core/nextpage,customClassName,false
core/nextpage,className,false
core/nextpage,html,false
core/nextpage,visibility,false
core/nextpage,interactivity.clientNavigation,true
core/nextpage,customCSS,false
core/page-list,anchor,true
core/page-list,reusable,false
core/page-list,html,false
core/page-list,typography.fontSize,true
core/page-list,typography.lineHeight,true
core/page-list,typography.__experimentalFontFamily,true
core/page-list,typography.__experimentalFontWeight,true
core/page-list,typography.__experimentalFontStyle,true
core/page-list,typography.__experimentalTextTransform,true
core/page-list,typography.__experimentalTextDecoration,true
core/page-list,typography.__experimentalLetterSpacing,true
core/page-list,typography.__experimentalDefaultControls.fontSize,true
core/page-list,interactivity.clientNavigation,true
core/page-list,color.text,true
core/page-list,color.background,true
core/page-list,color.link,true
core/page-list,color.gradients,true
core/page-list,color.__experimentalDefaultControls.background,true
core/page-list,color.__experimentalDefaultControls.text,true
core/page-list,color.__experimentalDefaultControls.link,true
core/page-list,__experimentalBorder.radius,true
core/page-list,__experimentalBorder.color,true
core/page-list,__experimentalBorder.width,true
core/page-list,__experimentalBorder.style,true
core/page-list,spacing.padding,true
core/page-list,spacing.margin,true
core/page-list,spacing.__experimentalDefaultControls.padding,false
core/page-list,spacing.__experimentalDefaultControls.margin,false
core/page-list,contentRole,true
core/page-list-item,anchor,true
core/page-list-item,reusable,false
core/page-list-item,html,false
core/page-list-item,lock,false
core/page-list-item,inserter,false
core/page-list-item,__experimentalToolbar,false
core/page-list-item,interactivity.clientNavigation,true
core/paragraph,align,"[""wide"", ""full""]"
core/paragraph,splitting,true
core/paragraph,anchor,true
core/paragraph,className,false
core/paragraph,__experimentalBorder.color,true
core/paragraph,__experimentalBorder.radius,true
core/paragraph,__experimentalBorder.style,true
core/paragraph,__experimentalBorder.width,true
core/paragraph,color.gradients,true
core/paragraph,color.link,true
core/paragraph,color.__experimentalDefaultControls.background,true
core/paragraph,color.__experimentalDefaultControls.text,true
core/paragraph,spacing.margin,true
core/paragraph,spacing.padding,true
core/paragraph,spacing.__experimentalDefaultControls.margin,false
core/paragraph,spacing.__experimentalDefaultControls.padding,false
core/paragraph,typography.fontSize,true
core/paragraph,typography.lineHeight,true
core/paragraph,typography.textAlign,true
core/paragraph,typography.textColumns,true
core/paragraph,typography.textIndent,true
core/paragraph,typography.__experimentalFontFamily,true
core/paragraph,typography.__experimentalTextDecoration,true
core/paragraph,typography.__experimentalFontStyle,true
core/paragraph,typography.__experimentalFontWeight,true
core/paragraph,typography.__experimentalLetterSpacing,true
core/paragraph,typography.__experimentalTextTransform,true
core/paragraph,typography.__experimentalWritingMode,true
core/paragraph,typography.fitText,true
core/paragraph,typography.__experimentalDefaultControls.fontSize,true
core/paragraph,__experimentalSelector,"""p"""
core/paragraph,__unstablePasteTextInline,true
core/paragraph,interactivity.clientNavigation,true
core/pattern,html,false
core/pattern,inserter,false
core/pattern,renaming,false
core/pattern,visibility,false
core/pattern,interactivity.clientNavigation,true
core/playlist,anchor,true
core/playlist,align,true
core/playlist,__experimentalExposeControlsToChildren,true
core/playlist,color.gradients,true
core/playlist,color.link,true
core/playlist,color.__experimentalDefaultControls.background,true
core/playlist,color.__experimentalDefaultControls.text,true
core/playlist,__experimentalBorder.color,true
core/playlist,__experimentalBorder.style,true
core/playlist,__experimentalBorder.width,true
core/playlist,__experimentalBorder.__experimentalDefaultControls.color,true
core/playlist,__experimentalBorder.__experimentalDefaultControls.style,true
core/playlist,__experimentalBorder.__experimentalDefaultControls.width,true
core/playlist,interactivity,true
core/playlist,spacing.margin,true
core/playlist,spacing.padding,true
core/playlist,typography.fontSize,true
core/playlist,typography.__experimentalDefaultControls.fontSize,true
core/playlist-track,html,false
core/playlist-track,interactivity.clientNavigation,true
core/playlist-track,reusable,false
core/post-author,inserter,false
core/post-author,anchor,true
core/post-author,html,false
core/post-author,spacing.margin,true
core/post-author,spacing.padding,true
core/post-author,typography.fontSize,true
core/post-author,typography.lineHeight,true
core/post-author,typography.__experimentalFontFamily,true
core/post-author,typography.__experimentalFontWeight,true
core/post-author,typography.__experimentalFontStyle,true
core/post-author,typography.__experimentalTextTransform,true
core/post-author,typography.__experimentalTextDecoration,true
core/post-author,typography.__experimentalLetterSpacing,true
core/post-author,typography.__experimentalDefaultControls.fontSize,true
core/post-author,color.gradients,true
core/post-author,color.link,true
core/post-author,color.__experimentalDefaultControls.background,true
core/post-author,color.__experimentalDefaultControls.text,true
core/post-author,interactivity.clientNavigation,true
core/post-author,__experimentalBorder.radius,true
core/post-author,__experimentalBorder.color,true
core/post-author,__experimentalBorder.width,true
core/post-author,__experimentalBorder.style,true
core/post-author,__experimentalBorder.__experimentalDefaultControls.radius,true
core/post-author,__experimentalBorder.__experimentalDefaultControls.color,true
core/post-author,__experimentalBorder.__experimentalDefaultControls.width,true
core/post-author,__experimentalBorder.__experimentalDefaultControls.style,true
core/post-author,filter.duotone,true
core/post-author-biography,anchor,true
core/post-author-biography,spacing.margin,true
core/post-author-biography,spacing.padding,true
core/post-author-biography,color.gradients,true
core/post-author-biography,color.link,true
core/post-author-biography,color.__experimentalDefaultControls.background,true
core/post-author-biography,color.__experimentalDefaultControls.text,true
core/post-author-biography,typography.fontSize,true
core/post-author-biography,typography.lineHeight,true
core/post-author-biography,typography.textAlign,true
core/post-author-biography,typography.__experimentalFontFamily,true
core/post-author-biography,typography.__experimentalFontWeight,true
core/post-author-biography,typography.__experimentalFontStyle,true
core/post-author-biography,typography.__experimentalTextTransform,true
core/post-author-biography,typography.__experimentalTextDecoration,true
core/post-author-biography,typography.__experimentalLetterSpacing,true
core/post-author-biography,typography.__experimentalDefaultControls.fontSize,true
core/post-author-biography,interactivity.clientNavigation,true
core/post-author-biography,__experimentalBorder.radius,true
core/post-author-biography,__experimentalBorder.color,true
core/post-author-biography,__experimentalBorder.width,true
core/post-author-biography,__experimentalBorder.style,true
core/post-author-biography,__experimentalBorder.__experimentalDefaultControls.radius,true
core/post-author-biography,__experimentalBorder.__experimentalDefaultControls.color,true
core/post-author-biography,__experimentalBorder.__experimentalDefaultControls.width,true
core/post-author-biography,__experimentalBorder.__experimentalDefaultControls.style,true
core/post-author-name,anchor,true
core/post-author-name,html,false
core/post-author-name,spacing.margin,true
core/post-author-name,spacing.padding,true
core/post-author-name,color.gradients,true
core/post-author-name,color.link,true
core/post-author-name,color.__experimentalDefaultControls.background,true
core/post-author-name,color.__experimentalDefaultControls.text,true
core/post-author-name,color.__experimentalDefaultControls.link,true
core/post-author-name,typography.fontSize,true
core/post-author-name,typography.lineHeight,true
core/post-author-name,typography.textAlign,true
core/post-author-name,typography.__experimentalFontFamily,true
core/post-author-name,typography.__experimentalFontWeight,true
core/post-author-name,typography.__experimentalFontStyle,true
core/post-author-name,typography.__experimentalTextTransform,true
core/post-author-name,typography.__experimentalTextDecoration,true
core/post-author-name,typography.__experimentalLetterSpacing,true
core/post-author-name,typography.__experimentalDefaultControls.fontSize,true
core/post-author-name,interactivity.clientNavigation,true
core/post-author-name,__experimentalBorder.radius,true
core/post-author-name,__experimentalBorder.color,true
core/post-author-name,__experimentalBorder.width,true
core/post-author-name,__experimentalBorder.style,true
core/post-author-name,__experimentalBorder.__experimentalDefaultControls.radius,true
core/post-author-name,__experimentalBorder.__experimentalDefaultControls.color,true
core/post-author-name,__experimentalBorder.__experimentalDefaultControls.width,true
core/post-author-name,__experimentalBorder.__experimentalDefaultControls.style,true
core/post-comments,html,false
core/post-comments,align,"[""wide"", ""full""]"
core/post-comments,typography.fontSize,true
core/post-comments,typography.lineHeight,true
core/post-comments,typography.__experimentalFontStyle,true
core/post-comments,typography.__experimentalFontWeight,true
core/post-comments,typography.__experimentalLetterSpacing,true
core/post-comments,typography.__experimentalTextTransform,true
core/post-comments,typography.__experimentalDefaultControls.fontSize,true
core/post-comments,color.gradients,true
core/post-comments,color.link,true
core/post-comments,color.__experimentalDefaultControls.background,true
core/post-comments,color.__experimentalDefaultControls.text,true
core/post-comments,inserter,false
core/post-comments-count,anchor,true
core/post-comments-count,html,false
core/post-comments-count,color.gradients,true
core/post-comments-count,color.__experimentalDefaultControls.background,true
core/post-comments-count,color.__experimentalDefaultControls.text,true
core/post-comments-count,spacing.margin,true
core/post-comments-count,spacing.padding,true
core/post-comments-count,typography.fontSize,true
core/post-comments-count,typography.lineHeight,true
core/post-comments-count,typography.textAlign,true
core/post-comments-count,typography.__experimentalFontFamily,true
core/post-comments-count,typography.__experimentalFontWeight,true
core/post-comments-count,typography.__experimentalFontStyle,true
core/post-comments-count,typography.__experimentalTextTransform,true
core/post-comments-count,typography.__experimentalTextDecoration,true
core/post-comments-count,typography.__experimentalLetterSpacing,true
core/post-comments-count,typography.__experimentalDefaultControls.fontSize,true
core/post-comments-count,__experimentalBorder.radius,true
core/post-comments-count,__experimentalBorder.color,true
core/post-comments-count,__experimentalBorder.width,true
core/post-comments-count,__experimentalBorder.style,true
core/post-comments-count,interactivity.clientNavigation,true
core/post-comments-form,anchor,true
core/post-comments-form,html,false
core/post-comments-form,color.gradients,true
core/post-comments-form,color.heading,true
core/post-comments-form,color.link,true
core/post-comments-form,color.__experimentalDefaultControls.background,true
core/post-comments-form,color.__experimentalDefaultControls.text,true
core/post-comments-form,spacing.margin,true
core/post-comments-form,spacing.padding,true
core/post-comments-form,typography.fontSize,true
core/post-comments-form,typography.lineHeight,true
core/post-comments-form,typography.textAlign,true
core/post-comments-form,typography.__experimentalFontStyle,true
core/post-comments-form,typography.__experimentalFontWeight,true
core/post-comments-form,typography.__experimentalLetterSpacing,true
core/post-comments-form,typography.__experimentalTextTransform,true
core/post-comments-form,typography.__experimentalDefaultControls.fontSize,true
core/post-comments-form,__experimentalBorder.radius,true
core/post-comments-form,__experimentalBorder.color,true
core/post-comments-form,__experimentalBorder.width,true
core/post-comments-form,__experimentalBorder.style,true
core/post-comments-form,__experimentalBorder.__experimentalDefaultControls.radius,true
core/post-comments-form,__experimentalBorder.__experimentalDefaultControls.color,true
core/post-comments-form,__experimentalBorder.__experimentalDefaultControls.width,true
core/post-comments-form,__experimentalBorder.__experimentalDefaultControls.style,true
core/post-comments-link,anchor,true
core/post-comments-link,html,false
core/post-comments-link,color.link,true
core/post-comments-link,color.text,false
core/post-comments-link,color.__experimentalDefaultControls.background,true
core/post-comments-link,color.__experimentalDefaultControls.link,true
core/post-comments-link,spacing.margin,true
core/post-comments-link,spacing.padding,true
core/post-comments-link,typography.fontSize,true
core/post-comments-link,typography.lineHeight,true
core/post-comments-link,typography.textAlign,true
core/post-comments-link,typography.__experimentalFontFamily,true
core/post-comments-link,typography.__experimentalFontWeight,true
core/post-comments-link,typography.__experimentalFontStyle,true
core/post-comments-link,typography.__experimentalTextTransform,true
core/post-comments-link,typography.__experimentalTextDecoration,true
core/post-comments-link,typography.__experimentalLetterSpacing,true
core/post-comments-link,typography.__experimentalDefaultControls.fontSize,true
core/post-comments-link,interactivity.clientNavigation,true
core/post-comments-link,__experimentalBorder.radius,true
core/post-comments-link,__experimentalBorder.color,true
core/post-comments-link,__experimentalBorder.width,true
core/post-comments-link,__experimentalBorder.style,true
core/post-comments-link,__experimentalBorder.__experimentalDefaultControls.radius,true
core/post-comments-link,__experimentalBorder.__experimentalDefaultControls.color,true
core/post-comments-link,__experimentalBorder.__experimentalDefaultControls.width,true
core/post-comments-link,__experimentalBorder.__experimentalDefaultControls.style,true
core/post-content,anchor,true
core/post-content,align,"[""wide"", ""full""]"
core/post-content,html,false
core/post-content,layout,true
core/post-content,background.backgroundImage,true
core/post-content,background.backgroundSize,true
core/post-content,background.gradient,true
core/post-content,background.__experimentalDefaultControls.backgroundImage,true
core/post-content,dimensions.minHeight,true
core/post-content,spacing.blockGap,true
core/post-content,spacing.padding,true
core/post-content,spacing.margin,true
core/post-content,spacing.__experimentalDefaultControls.margin,false
core/post-content,spacing.__experimentalDefaultControls.padding,false
core/post-content,color.gradients,true
core/post-content,color.heading,true
core/post-content,color.link,true
core/post-content,color.__experimentalDefaultControls.background,false
core/post-content,color.__experimentalDefaultControls.text,false
core/post-content,typography.fontSize,true
core/post-content,typography.lineHeight,true
core/post-content,typography.__experimentalFontFamily,true
core/post-content,typography.__experimentalFontWeight,true
core/post-content,typography.__experimentalFontStyle,true
core/post-content,typography.__experimentalTextTransform,true
core/post-content,typography.__experimentalTextDecoration,true
core/post-content,typography.__experimentalLetterSpacing,true
core/post-content,typography.__experimentalDefaultControls.fontSize,true
core/post-content,interactivity.clientNavigation,true
core/post-content,__experimentalBorder.radius,true
core/post-content,__experimentalBorder.color,true
core/post-content,__experimentalBorder.width,true
core/post-content,__experimentalBorder.style,true
core/post-content,__experimentalBorder.__experimentalDefaultControls.radius,true
core/post-content,__experimentalBorder.__experimentalDefaultControls.color,true
core/post-content,__experimentalBorder.__experimentalDefaultControls.width,true
core/post-content,__experimentalBorder.__experimentalDefaultControls.style,true
core/post-date,anchor,true
core/post-date,html,false
core/post-date,color.gradients,true
core/post-date,color.link,true
core/post-date,color.__experimentalDefaultControls.background,true
core/post-date,color.__experimentalDefaultControls.text,true
core/post-date,color.__experimentalDefaultControls.link,true
core/post-date,spacing.margin,true
core/post-date,spacing.padding,true
core/post-date,typography.fontSize,true
core/post-date,typography.lineHeight,true
core/post-date,typography.textAlign,true
core/post-date,typography.__experimentalFontFamily,true
core/post-date,typography.__experimentalFontWeight,true
core/post-date,typography.__experimentalFontStyle,true
core/post-date,typography.__experimentalTextTransform,true
core/post-date,typography.__experimentalTextDecoration,true
core/post-date,typography.__experimentalLetterSpacing,true
core/post-date,typography.__experimentalDefaultControls.fontSize,true
core/post-date,interactivity.clientNavigation,true
core/post-date,__experimentalBorder.radius,true
core/post-date,__experimentalBorder.color,true
core/post-date,__experimentalBorder.width,true
core/post-date,__experimentalBorder.style,true
core/post-date,__experimentalBorder.__experimentalDefaultControls.radius,true
core/post-date,__experimentalBorder.__experimentalDefaultControls.color,true
core/post-date,__experimentalBorder.__experimentalDefaultControls.width,true
core/post-date,__experimentalBorder.__experimentalDefaultControls.style,true
core/post-excerpt,anchor,true
core/post-excerpt,html,false
core/post-excerpt,color.gradients,true
core/post-excerpt,color.link,true
core/post-excerpt,color.__experimentalDefaultControls.background,true
core/post-excerpt,color.__experimentalDefaultControls.text,true
core/post-excerpt,color.__experimentalDefaultControls.link,true
core/post-excerpt,spacing.margin,true
core/post-excerpt,spacing.padding,true
core/post-excerpt,typography.fontSize,true
core/post-excerpt,typography.lineHeight,true
core/post-excerpt,typography.textAlign,true
core/post-excerpt,typography.textColumns,true
core/post-excerpt,typography.__experimentalFontFamily,true
core/post-excerpt,typography.__experimentalFontWeight,true
core/post-excerpt,typography.__experimentalFontStyle,true
core/post-excerpt,typography.__experimentalTextTransform,true
core/post-excerpt,typography.__experimentalTextDecoration,true
core/post-excerpt,typography.__experimentalLetterSpacing,true
core/post-excerpt,typography.__experimentalDefaultControls.fontSize,true
core/post-excerpt,interactivity.clientNavigation,true
core/post-excerpt,__experimentalBorder.radius,true
core/post-excerpt,__experimentalBorder.color,true
core/post-excerpt,__experimentalBorder.width,true
core/post-excerpt,__experimentalBorder.style,true
core/post-excerpt,__experimentalBorder.__experimentalDefaultControls.radius,true
core/post-excerpt,__experimentalBorder.__experimentalDefaultControls.color,true
core/post-excerpt,__experimentalBorder.__experimentalDefaultControls.width,true
core/post-excerpt,__experimentalBorder.__experimentalDefaultControls.style,true
core/post-featured-image,anchor,true
core/post-featured-image,align,"[""left"", ""right"", ""center"", ""wide"", ""full""]"
core/post-featured-image,color.text,false
core/post-featured-image,color.background,false
core/post-featured-image,__experimentalBorder.color,true
core/post-featured-image,__experimentalBorder.radius,true
core/post-featured-image,__experimentalBorder.width,true
core/post-featured-image,__experimentalBorder.__experimentalSkipSerialization,true
core/post-featured-image,__experimentalBorder.__experimentalDefaultControls.color,true
core/post-featured-image,__experimentalBorder.__experimentalDefaultControls.radius,true
core/post-featured-image,__experimentalBorder.__experimentalDefaultControls.width,true
core/post-featured-image,filter.duotone,true
core/post-featured-image,shadow.__experimentalSkipSerialization,true
core/post-featured-image,html,false
core/post-featured-image,spacing.margin,true
core/post-featured-image,spacing.padding,true
core/post-featured-image,interactivity.clientNavigation,true
core/post-navigation-link,anchor,true
core/post-navigation-link,reusable,false
core/post-navigation-link,html,false
core/post-navigation-link,color.link,true
core/post-navigation-link,typography.fontSize,true
core/post-navigation-link,typography.lineHeight,true
core/post-navigation-link,typography.textAlign,true
core/post-navigation-link,typography.__experimentalFontFamily,true
core/post-navigation-link,typography.__experimentalFontWeight,true
core/post-navigation-link,typography.__experimentalFontStyle,true
core/post-navigation-link,typography.__experimentalTextTransform,true
core/post-navigation-link,typography.__experimentalTextDecoration,true
core/post-navigation-link,typography.__experimentalLetterSpacing,true
core/post-navigation-link,typography.__experimentalWritingMode,true
core/post-navigation-link,typography.__experimentalDefaultControls.fontSize,true
core/post-navigation-link,interactivity.clientNavigation,true
core/post-template,anchor,true
core/post-template,reusable,false
core/post-template,html,false
core/post-template,align,"[""wide"", ""full""]"
core/post-template,layout,true
core/post-template,color.gradients,true
core/post-template,color.link,true
core/post-template,color.__experimentalDefaultControls.background,true
core/post-template,color.__experimentalDefaultControls.text,true
core/post-template,typography.fontSize,true
core/post-template,typography.lineHeight,true
core/post-template,typography.__experimentalFontFamily,true
core/post-template,typography.__experimentalFontWeight,true
core/post-template,typography.__experimentalFontStyle,true
core/post-template,typography.__experimentalTextTransform,true
core/post-template,typography.__experimentalTextDecoration,true
core/post-template,typography.__experimentalLetterSpacing,true
core/post-template,typography.__experimentalDefaultControls.fontSize,true
core/post-template,spacing.margin,true
core/post-template,spacing.padding,true
core/post-template,spacing.blockGap.__experimentalDefault,"""1.25em"""
core/post-template,spacing.__experimentalDefaultControls.blockGap,true
core/post-template,spacing.__experimentalDefaultControls.padding,false
core/post-template,spacing.__experimentalDefaultControls.margin,false
core/post-template,interactivity.clientNavigation,true
core/post-template,__experimentalBorder.radius,true
core/post-template,__experimentalBorder.color,true
core/post-template,__experimentalBorder.width,true
core/post-template,__experimentalBorder.style,true
core/post-terms,anchor,true
core/post-terms,html,false
core/post-terms,color.gradients,true
core/post-terms,color.link,true
core/post-terms,color.__experimentalDefaultControls.background,true
core/post-terms,color.__experimentalDefaultControls.text,true
core/post-terms,color.__experimentalDefaultControls.link,true
core/post-terms,spacing.margin,true
core/post-terms,spacing.padding,true
core/post-terms,typography.fontSize,true
core/post-terms,typography.lineHeight,true
core/post-terms,typography.textAlign,true
core/post-terms,typography.__experimentalFontFamily,true
core/post-terms,typography.__experimentalFontWeight,true
core/post-terms,typography.__experimentalFontStyle,true
core/post-terms,typography.__experimentalTextTransform,true
core/post-terms,typography.__experimentalTextDecoration,true
core/post-terms,typography.__experimentalLetterSpacing,true
core/post-terms,typography.__experimentalDefaultControls.fontSize,true
core/post-terms,interactivity.clientNavigation,true
core/post-terms,__experimentalBorder.radius,true
core/post-terms,__experimentalBorder.color,true
core/post-terms,__experimentalBorder.width,true
core/post-terms,__experimentalBorder.style,true
core/post-terms,__experimentalBorder.__experimentalDefaultControls.radius,true
core/post-terms,__experimentalBorder.__experimentalDefaultControls.color,true
core/post-terms,__experimentalBorder.__experimentalDefaultControls.width,true
core/post-terms,__experimentalBorder.__experimentalDefaultControls.style,true
core/post-time-to-read,anchor,true
core/post-time-to-read,color.gradients,true
core/post-time-to-read,color.__experimentalDefaultControls.background,true
core/post-time-to-read,color.__experimentalDefaultControls.text,true
core/post-time-to-read,html,false
core/post-time-to-read,spacing.margin,true
core/post-time-to-read,spacing.padding,true
core/post-time-to-read,spacing.__experimentalDefaultControls.margin,false
core/post-time-to-read,spacing.__experimentalDefaultControls.padding,false
core/post-time-to-read,typography.fontSize,true
core/post-time-to-read,typography.lineHeight,true
core/post-time-to-read,typography.textAlign,true
core/post-time-to-read,typography.__experimentalFontFamily,true
core/post-time-to-read,typography.__experimentalFontWeight,true
core/post-time-to-read,typography.__experimentalFontStyle,true
core/post-time-to-read,typography.__experimentalTextTransform,true
core/post-time-to-read,typography.__experimentalTextDecoration,true
core/post-time-to-read,typography.__experimentalLetterSpacing,true
core/post-time-to-read,typography.__experimentalDefaultControls.fontSize,true
core/post-time-to-read,interactivity.clientNavigation,true
core/post-time-to-read,__experimentalBorder.radius,true
core/post-time-to-read,__experimentalBorder.color,true
core/post-time-to-read,__experimentalBorder.width,true
core/post-time-to-read,__experimentalBorder.style,true
core/post-title,anchor,true
core/post-title,align,"[""wide"", ""full""]"
core/post-title,html,false
core/post-title,color.gradients,true
core/post-title,color.link,true
core/post-title,color.__experimentalDefaultControls.background,true
core/post-title,color.__experimentalDefaultControls.text,true
core/post-title,color.__experimentalDefaultControls.link,true
core/post-title,spacing.margin,true
core/post-title,spacing.padding,true
core/post-title,typography.fontSize,true
core/post-title,typography.lineHeight,true
core/post-title,typography.textAlign,true
core/post-title,typography.__experimentalFontFamily,true
core/post-title,typography.__experimentalFontWeight,true
core/post-title,typography.__experimentalFontStyle,true
core/post-title,typography.__experimentalTextTransform,true
core/post-title,typography.__experimentalTextDecoration,true
core/post-title,typography.__experimentalLetterSpacing,true
core/post-title,typography.__experimentalDefaultControls.fontSize,true
core/post-title,interactivity.clientNavigation,true
core/post-title,__experimentalBorder.radius,true
core/post-title,__experimentalBorder.color,true
core/post-title,__experimentalBorder.width,true
core/post-title,__experimentalBorder.style,true
core/post-title,__experimentalBorder.__experimentalDefaultControls.radius,true
core/post-title,__experimentalBorder.__experimentalDefaultControls.color,true
core/post-title,__experimentalBorder.__experimentalDefaultControls.width,true
core/post-title,__experimentalBorder.__experimentalDefaultControls.style,true
core/preformatted,anchor,true
core/preformatted,color.gradients,true
core/preformatted,color.__experimentalDefaultControls.background,true
core/preformatted,color.__experimentalDefaultControls.text,true
core/preformatted,spacing.padding,true
core/preformatted,spacing.margin,true
core/preformatted,typography.fontSize,true
core/preformatted,typography.lineHeight,true
core/preformatted,typography.__experimentalFontFamily,true
core/preformatted,typography.__experimentalFontWeight,true
core/preformatted,typography.__experimentalFontStyle,true
core/preformatted,typography.__experimentalTextTransform,true
core/preformatted,typography.__experimentalTextDecoration,true
core/preformatted,typography.__experimentalLetterSpacing,true
core/preformatted,typography.__experimentalDefaultControls.fontSize,true
core/preformatted,interactivity.clientNavigation,true
core/preformatted,__experimentalBorder.radius,true
core/preformatted,__experimentalBorder.color,true
core/preformatted,__experimentalBorder.width,true
core/preformatted,__experimentalBorder.style,true
core/preformatted,__experimentalBorder.__experimentalDefaultControls.radius,true
core/preformatted,__experimentalBorder.__experimentalDefaultControls.color,true
core/preformatted,__experimentalBorder.__experimentalDefaultControls.width,true
core/preformatted,__experimentalBorder.__experimentalDefaultControls.style,true
core/pullquote,anchor,true
core/pullquote,align,"[""left"", ""right"", ""wide"", ""full""]"
core/pullquote,background.backgroundImage,true
core/pullquote,background.backgroundSize,true
core/pullquote,background.gradient,true
core/pullquote,background.__experimentalDefaultControls.backgroundImage,true
core/pullquote,background.__experimentalDefaultControls.gradient,true
core/pullquote,color.gradients,true
core/pullquote,color.background,true
core/pullquote,color.link,true
core/pullquote,color.__experimentalDefaultControls.background,true
core/pullquote,color.__experimentalDefaultControls.text,true
core/pullquote,dimensions.minHeight,true
core/pullquote,spacing.margin,true
core/pullquote,spacing.padding,true
core/pullquote,typography.fontSize,true
core/pullquote,typography.lineHeight,true
core/pullquote,typography.textAlign,true
core/pullquote,typography.__experimentalFontFamily,true
core/pullquote,typography.__experimentalFontWeight,true
core/pullquote,typography.__experimentalFontStyle,true
core/pullquote,typography.__experimentalTextTransform,true
core/pullquote,typography.__experimentalTextDecoration,true
core/pullquote,typography.__experimentalLetterSpacing,true
core/pullquote,typography.__experimentalDefaultControls.fontSize,true
core/pullquote,__experimentalBorder.color,true
core/pullquote,__experimentalBorder.radius,true
core/pullquote,__experimentalBorder.style,true
core/pullquote,__experimentalBorder.width,true
core/pullquote,__experimentalBorder.__experimentalDefaultControls.color,true
core/pullquote,__experimentalBorder.__experimentalDefaultControls.radius,true
core/pullquote,__experimentalBorder.__experimentalDefaultControls.style,true
core/pullquote,__experimentalBorder.__experimentalDefaultControls.width,true
core/pullquote,__experimentalStyle.typography.fontSize,"""1.5em"""
core/pullquote,__experimentalStyle.typography.lineHeight,"""1.6"""
core/pullquote,interactivity.clientNavigation,true
core/query,anchor,true
core/query,align,"[""wide"", ""full""]"
core/query,html,false
core/query,layout,true
core/query,interactivity,true
core/query-no-results,anchor,true
core/query-no-results,align,true
core/query-no-results,reusable,false
core/query-no-results,html,false
core/query-no-results,color.gradients,true
core/query-no-results,color.link,true
core/query-no-results,typography.fontSize,true
core/query-no-results,typography.lineHeight,true
core/query-no-results,typography.__experimentalFontFamily,true
core/query-no-results,typography.__experimentalFontWeight,true
core/query-no-results,typography.__experimentalFontStyle,true
core/query-no-results,typography.__experimentalTextTransform,true
core/query-no-results,typography.__experimentalTextDecoration,true
core/query-no-results,typography.__experimentalLetterSpacing,true
core/query-no-results,typography.__experimentalDefaultControls.fontSize,true
core/query-no-results,interactivity.clientNavigation,true
core/query-pagination,anchor,true
core/query-pagination,align,true
core/query-pagination,reusable,false
core/query-pagination,html,false
core/query-pagination,color.gradients,true
core/query-pagination,color.link,true
core/query-pagination,color.__experimentalDefaultControls.background,true
core/query-pagination,color.__experimentalDefaultControls.text,true
core/query-pagination,color.__experimentalDefaultControls.link,true
core/query-pagination,layout.allowSwitching,false
core/query-pagination,layout.allowInheriting,false
core/query-pagination,layout.default.type,"""flex"""
core/query-pagination,typography.fontSize,true
core/query-pagination,typography.lineHeight,true
core/query-pagination,typography.__experimentalFontFamily,true
core/query-pagination,typography.__experimentalFontWeight,true
core/query-pagination,typography.__experimentalFontStyle,true
core/query-pagination,typography.__experimentalTextTransform,true
core/query-pagination,typography.__experimentalTextDecoration,true
core/query-pagination,typography.__experimentalLetterSpacing,true
core/query-pagination,typography.__experimentalDefaultControls.fontSize,true
core/query-pagination,interactivity.clientNavigation,true
core/query-pagination-next,anchor,true
core/query-pagination-next,reusable,false
core/query-pagination-next,html,false
core/query-pagination-next,color.gradients,true
core/query-pagination-next,color.text,false
core/query-pagination-next,color.__experimentalDefaultControls.background,true
core/query-pagination-next,typography.fontSize,true
core/query-pagination-next,typography.lineHeight,true
core/query-pagination-next,typography.__experimentalFontFamily,true
core/query-pagination-next,typography.__experimentalFontWeight,true
core/query-pagination-next,typography.__experimentalFontStyle,true
core/query-pagination-next,typography.__experimentalTextTransform,true
core/query-pagination-next,typography.__experimentalTextDecoration,true
core/query-pagination-next,typography.__experimentalLetterSpacing,true
core/query-pagination-next,typography.__experimentalDefaultControls.fontSize,true
core/query-pagination-next,interactivity.clientNavigation,true
core/query-pagination-numbers,anchor,true
core/query-pagination-numbers,reusable,false
core/query-pagination-numbers,html,false
core/query-pagination-numbers,color.gradients,true
core/query-pagination-numbers,color.text,false
core/query-pagination-numbers,color.__experimentalDefaultControls.background,true
core/query-pagination-numbers,typography.fontSize,true
core/query-pagination-numbers,typography.lineHeight,true
core/query-pagination-numbers,typography.__experimentalFontFamily,true
core/query-pagination-numbers,typography.__experimentalFontWeight,true
core/query-pagination-numbers,typography.__experimentalFontStyle,true
core/query-pagination-numbers,typography.__experimentalTextTransform,true
core/query-pagination-numbers,typography.__experimentalTextDecoration,true
core/query-pagination-numbers,typography.__experimentalLetterSpacing,true
core/query-pagination-numbers,typography.__experimentalDefaultControls.fontSize,true
core/query-pagination-numbers,interactivity.clientNavigation,true
core/query-pagination-previous,anchor,true
core/query-pagination-previous,reusable,false
core/query-pagination-previous,html,false
core/query-pagination-previous,color.gradients,true
core/query-pagination-previous,color.text,false
core/query-pagination-previous,color.__experimentalDefaultControls.background,true
core/query-pagination-previous,typography.fontSize,true
core/query-pagination-previous,typography.lineHeight,true
core/query-pagination-previous,typography.__experimentalFontFamily,true
core/query-pagination-previous,typography.__experimentalFontWeight,true
core/query-pagination-previous,typography.__experimentalFontStyle,true
core/query-pagination-previous,typography.__experimentalTextTransform,true
core/query-pagination-previous,typography.__experimentalTextDecoration,true
core/query-pagination-previous,typography.__experimentalLetterSpacing,true
core/query-pagination-previous,typography.__experimentalDefaultControls.fontSize,true
core/query-pagination-previous,interactivity.clientNavigation,true
core/query-title,anchor,true
core/query-title,align,"[""wide"", ""full""]"
core/query-title,html,false
core/query-title,color.gradients,true
core/query-title,color.__experimentalDefaultControls.background,true
core/query-title,color.__experimentalDefaultControls.text,true
core/query-title,spacing.margin,true
core/query-title,spacing.padding,true
core/query-title,typography.fontSize,true
core/query-title,typography.lineHeight,true
core/query-title,typography.textAlign,true
core/query-title,typography.__experimentalFontFamily,true
core/query-title,typography.__experimentalFontStyle,true
core/query-title,typography.__experimentalFontWeight,true
core/query-title,typography.__experimentalLetterSpacing,true
core/query-title,typography.__experimentalTextTransform,true
core/query-title,typography.__experimentalTextDecoration,true
core/query-title,typography.__experimentalDefaultControls.fontSize,true
core/query-title,interactivity.clientNavigation,true
core/query-title,__experimentalBorder.radius,true
core/query-title,__experimentalBorder.color,true
core/query-title,__experimentalBorder.width,true
core/query-title,__experimentalBorder.style,true
core/query-title,__experimentalBorder.__experimentalDefaultControls.radius,true
core/query-title,__experimentalBorder.__experimentalDefaultControls.color,true
core/query-title,__experimentalBorder.__experimentalDefaultControls.width,true
core/query-title,__experimentalBorder.__experimentalDefaultControls.style,true
core/query-total,anchor,true
core/query-total,align,"[""wide"", ""full""]"
core/query-total,html,false
core/query-total,spacing.margin,true
core/query-total,spacing.padding,true
core/query-total,color.gradients,true
core/query-total,color.__experimentalDefaultControls.background,true
core/query-total,color.__experimentalDefaultControls.text,true
core/query-total,typography.fontSize,true
core/query-total,typography.lineHeight,true
core/query-total,typography.__experimentalFontFamily,true
core/query-total,typography.__experimentalFontWeight,true
core/query-total,typography.__experimentalFontStyle,true
core/query-total,typography.__experimentalTextTransform,true
core/query-total,typography.__experimentalTextDecoration,true
core/query-total,typography.__experimentalLetterSpacing,true
core/query-total,typography.__experimentalDefaultControls.fontSize,true
core/query-total,__experimentalBorder.radius,true
core/query-total,__experimentalBorder.color,true
core/query-total,__experimentalBorder.width,true
core/query-total,__experimentalBorder.style,true
core/query-total,__experimentalBorder.__experimentalDefaultControls.radius,true
core/query-total,__experimentalBorder.__experimentalDefaultControls.color,true
core/query-total,__experimentalBorder.__experimentalDefaultControls.width,true
core/query-total,__experimentalBorder.__experimentalDefaultControls.style,true
core/query-total,interactivity.clientNavigation,true
core/quote,anchor,true
core/quote,align,"[""left"", ""right"", ""wide"", ""full""]"
core/quote,html,false
core/quote,background.backgroundImage,true
core/quote,background.backgroundSize,true
core/quote,background.gradient,true
core/quote,background.__experimentalDefaultControls.backgroundImage,true
core/quote,background.__experimentalDefaultControls.gradient,true
core/quote,__experimentalBorder.color,true
core/quote,__experimentalBorder.radius,true
core/quote,__experimentalBorder.style,true
core/quote,__experimentalBorder.width,true
core/quote,__experimentalBorder.__experimentalDefaultControls.color,true
core/quote,__experimentalBorder.__experimentalDefaultControls.radius,true
core/quote,__experimentalBorder.__experimentalDefaultControls.style,true
core/quote,__experimentalBorder.__experimentalDefaultControls.width,true
core/quote,dimensions.minHeight,true
core/quote,dimensions.__experimentalDefaultControls.minHeight,false
core/quote,__experimentalOnEnter,true
core/quote,__experimentalOnMerge,true
core/quote,typography.fontSize,true
core/quote,typography.lineHeight,true
core/quote,typography.__experimentalFontFamily,true
core/quote,typography.__experimentalFontWeight,true
core/quote,typography.__experimentalFontStyle,true
core/quote,typography.__experimentalTextTransform,true
core/quote,typography.__experimentalTextDecoration,true
core/quote,typography.__experimentalLetterSpacing,true
core/quote,typography.__experimentalDefaultControls.fontSize,true
core/quote,color.gradients,true
core/quote,color.heading,true
core/quote,color.link,true
core/quote,color.__experimentalDefaultControls.background,true
core/quote,color.__experimentalDefaultControls.text,true
core/quote,layout.allowEditing,false
core/quote,spacing.blockGap,true
core/quote,spacing.padding,true
core/quote,spacing.margin,true
core/quote,interactivity.clientNavigation,true
core/quote,allowedBlocks,true
core/read-more,anchor,true
core/read-more,html,false
core/read-more,color.gradients,true
core/read-more,color.text,true
core/read-more,typography.fontSize,true
core/read-more,typography.lineHeight,true
core/read-more,typography.__experimentalFontFamily,true
core/read-more,typography.__experimentalFontWeight,true
core/read-more,typography.__experimentalFontStyle,true
core/read-more,typography.__experimentalTextTransform,true
core/read-more,typography.__experimentalLetterSpacing,true
core/read-more,typography.__experimentalTextDecoration,true
core/read-more,typography.__experimentalDefaultControls.fontSize,true
core/read-more,typography.__experimentalDefaultControls.textDecoration,true
core/read-more,spacing.margin,"[""top"", ""bottom""]"
core/read-more,spacing.padding,true
core/read-more,spacing.__experimentalDefaultControls.padding,true
core/read-more,__experimentalBorder.color,true
core/read-more,__experimentalBorder.radius,true
core/read-more,__experimentalBorder.width,true
core/read-more,__experimentalBorder.__experimentalDefaultControls.width,true
core/read-more,interactivity.clientNavigation,true
core/rss,anchor,true
core/rss,align,true
core/rss,html,false
core/rss,interactivity.clientNavigation,true
core/rss,__experimentalBorder.radius,true
core/rss,__experimentalBorder.color,true
core/rss,__experimentalBorder.width,true
core/rss,__experimentalBorder.style,true
core/rss,spacing.margin,true
core/rss,spacing.padding,true
core/rss,spacing.__experimentalDefaultControls.padding,false
core/rss,spacing.__experimentalDefaultControls.margin,false
core/rss,color.background,true
core/rss,color.text,true
core/rss,color.gradients,true
core/rss,color.link,true
core/search,anchor,true
core/search,align,"[""left"", ""center"", ""right""]"
core/search,color.gradients,true
core/search,color.__experimentalSkipSerialization,true
core/search,color.__experimentalDefaultControls.background,true
core/search,color.__experimentalDefaultControls.text,true
core/search,interactivity,true
core/search,typography.__experimentalSkipSerialization,true
core/search,typography.__experimentalSelector,""".wp-block-search__label, .wp-block-search__input, .wp-block-search__button"""
core/search,typography.fontSize,true
core/search,typography.lineHeight,true
core/search,typography.__experimentalFontFamily,true
core/search,typography.__experimentalFontWeight,true
core/search,typography.__experimentalFontStyle,true
core/search,typography.__experimentalTextTransform,true
core/search,typography.__experimentalTextDecoration,true
core/search,typography.__experimentalLetterSpacing,true
core/search,typography.__experimentalDefaultControls.fontSize,true
core/search,__experimentalBorder.color,true
core/search,__experimentalBorder.radius,true
core/search,__experimentalBorder.width,true
core/search,__experimentalBorder.__experimentalSkipSerialization,true
core/search,__experimentalBorder.__experimentalDefaultControls.color,true
core/search,__experimentalBorder.__experimentalDefaultControls.radius,true
core/search,__experimentalBorder.__experimentalDefaultControls.width,true
core/search,spacing.margin,true
core/search,html,false
core/separator,anchor,true
core/separator,align,"[""center"", ""wide"", ""full""]"
core/separator,color.enableContrastChecker,false
core/separator,color.__experimentalSkipSerialization,true
core/separator,color.gradients,true
core/separator,color.background,true
core/separator,color.text,false
core/separator,color.__experimentalDefaultControls.background,true
core/separator,spacing.margin,"[""top"", ""bottom""]"
core/separator,interactivity.clientNavigation,true
core/shortcode,className,false
core/shortcode,customClassName,false
core/shortcode,html,false
core/shortcode,customCSS,false
core/shortcode,visibility,false
core/site-logo,anchor,true
core/site-logo,html,false
core/site-logo,align,true
core/site-logo,alignWide,false
core/site-logo,color.text,false
core/site-logo,color.background,false
core/site-logo,spacing.margin,true
core/site-logo,spacing.padding,true
core/site-logo,spacing.__experimentalDefaultControls.margin,false
core/site-logo,spacing.__experimentalDefaultControls.padding,false
core/site-logo,interactivity.clientNavigation,true
core/site-logo,filter.duotone,true
core/site-tagline,anchor,true
core/site-tagline,align,"[""wide"", ""full""]"
core/site-tagline,html,false
core/site-tagline,color.gradients,true
core/site-tagline,color.__experimentalDefaultControls.background,true
core/site-tagline,color.__experimentalDefaultControls.text,true
core/site-tagline,contentRole,true
core/site-tagline,spacing.margin,true
core/site-tagline,spacing.padding,true
core/site-tagline,spacing.__experimentalDefaultControls.margin,false
core/site-tagline,spacing.__experimentalDefaultControls.padding,false
core/site-tagline,typography.fontSize,true
core/site-tagline,typography.lineHeight,true
core/site-tagline,typography.textAlign,true
core/site-tagline,typography.__experimentalFontFamily,true
core/site-tagline,typography.__experimentalTextTransform,true
core/site-tagline,typography.__experimentalTextDecoration,true
core/site-tagline,typography.__experimentalFontStyle,true
core/site-tagline,typography.__experimentalFontWeight,true
core/site-tagline,typography.__experimentalLetterSpacing,true
core/site-tagline,typography.__experimentalWritingMode,true
core/site-tagline,typography.__experimentalDefaultControls.fontSize,true
core/site-tagline,interactivity.clientNavigation,true
core/site-tagline,__experimentalBorder.radius,true
core/site-tagline,__experimentalBorder.color,true
core/site-tagline,__experimentalBorder.width,true
core/site-tagline,__experimentalBorder.style,true
core/site-title,anchor,true
core/site-title,align,"[""wide"", ""full""]"
core/site-title,html,false
core/site-title,color.gradients,true
core/site-title,color.link,true
core/site-title,color.__experimentalDefaultControls.background,true
core/site-title,color.__experimentalDefaultControls.text,true
core/site-title,color.__experimentalDefaultControls.link,true
core/site-title,spacing.padding,true
core/site-title,spacing.margin,true
core/site-title,spacing.__experimentalDefaultControls.margin,false
core/site-title,spacing.__experimentalDefaultControls.padding,false
core/site-title,typography.fontSize,true
core/site-title,typography.lineHeight,true
core/site-title,typography.textAlign,true
core/site-title,typography.__experimentalFontFamily,true
core/site-title,typography.__experimentalTextTransform,true
core/site-title,typography.__experimentalTextDecoration,true
core/site-title,typography.__experimentalFontStyle,true
core/site-title,typography.__experimentalFontWeight,true
core/site-title,typography.__experimentalLetterSpacing,true
core/site-title,typography.__experimentalWritingMode,true
core/site-title,typography.__experimentalDefaultControls.fontSize,true
core/site-title,interactivity.clientNavigation,true
core/site-title,__experimentalBorder.radius,true
core/site-title,__experimentalBorder.color,true
core/site-title,__experimentalBorder.width,true
core/site-title,__experimentalBorder.style,true
core/social-link,anchor,true
core/social-link,reusable,false
core/social-link,html,false
core/social-link,interactivity.clientNavigation,true
core/social-links,align,"[""left"", ""center"", ""right""]"
core/social-links,anchor,true
core/social-links,html,false
core/social-links,__experimentalExposeControlsToChildren,true
core/social-links,layout.allowSwitching,false
core/social-links,layout.allowInheriting,false
core/social-links,layout.allowVerticalAlignment,false
core/social-links,layout.default.type,"""flex"""
core/social-links,color.enableContrastChecker,false
core/social-links,color.background,true
core/social-links,color.gradients,true
core/social-links,color.text,false
core/social-links,color.__experimentalDefaultControls.background,false
core/social-links,spacing.blockGap,"[""horizontal"", ""vertical""]"
core/social-links,spacing.margin,true
core/social-links,spacing.padding,true
core/social-links,spacing.units,"[""px"", ""em"", ""rem"", ""vh"", ""vw""]"
core/social-links,spacing.__experimentalDefaultControls.blockGap,true
core/social-links,spacing.__experimentalDefaultControls.margin,true
core/social-links,spacing.__experimentalDefaultControls.padding,false
core/social-links,interactivity.clientNavigation,true
core/social-links,__experimentalBorder.radius,true
core/social-links,__experimentalBorder.color,true
core/social-links,__experimentalBorder.width,true
core/social-links,__experimentalBorder.style,true
core/social-links,__experimentalBorder.__experimentalDefaultControls.radius,true
core/social-links,__experimentalBorder.__experimentalDefaultControls.color,true
core/social-links,__experimentalBorder.__experimentalDefaultControls.width,true
core/social-links,__experimentalBorder.__experimentalDefaultControls.style,true
core/social-links,contentRole,true
core/social-links,listView,true
core/spacer,anchor,true
core/spacer,spacing.margin,"[""top"", ""bottom""]"
core/spacer,spacing.__experimentalDefaultControls.margin,true
core/spacer,interactivity.clientNavigation,true
core/tab-list,html,false
core/tab-list,ariaLabel,true
core/tab-list,visibility,false
core/tab-list,lock,false
core/tab-list,color.background,true
core/tab-list,color.text,true
core/tab-list,color.__experimentalSkipSerialization,true
core/tab-list,color.__experimentalDefaultControls.background,true
core/tab-list,color.__experimentalDefaultControls.text,true
core/tab-list,typography.fontSize,true
core/tab-list,typography.__experimentalFontFamily,true
core/tab-list,__experimentalBorder.color,true
core/tab-list,__experimentalBorder.radius,true
core/tab-list,__experimentalBorder.style,true
core/tab-list,__experimentalBorder.width,true
core/tab-list,__experimentalBorder.__experimentalSkipSerialization,true
core/tab-list,layout.default.type,"""flex"""
core/tab-list,layout.default.flexWrap,"""wrap"""
core/tab-list,layout.allowVerticalAlignment,false
core/tab-list,layout.allowOrientation,false
core/tab-list,layout.allowWrap,false
core/tab-list,spacing.padding,true
core/tab-list,spacing.blockGap,true
core/tab-list,spacing.__experimentalSkipSerialization,"[""padding""]"
core/tab-list,spacing.__experimentalDefaultControls.padding,true
core/tab-list,spacing.__experimentalDefaultControls.blockGap,true
core/tab-panel,anchor,true
core/tab-panel,html,false
core/tab-panel,color.background,true
core/tab-panel,color.text,true
core/tab-panel,color.__experimentalDefaultControls.background,true
core/tab-panel,color.__experimentalDefaultControls.text,true
core/tab-panel,layout,true
core/tab-panel,spacing.blockGap,true
core/tab-panel,spacing.padding,true
core/tab-panel,typography.fontSize,true
core/tab-panel,typography.__experimentalFontFamily,true
core/tab-panel,typography.__experimentalDefaultControls.fontSize,true
core/tab-panel,typography.__experimentalDefaultControls.__experimentalFontFamily,true
core/tab-panel,visibility,false
core/tab-panels,html,false
core/tab-panels,visibility,false
core/tab-panels,lock,false
core/tab-panels,color.background,true
core/tab-panels,color.text,true
core/tab-panels,color.heading,true
core/tab-panels,color.link,true
core/tab-panels,color.__experimentalDefaultControls.background,true
core/tab-panels,color.__experimentalDefaultControls.text,true
core/tab-panels,spacing.padding,true
core/tab-panels,typography.fontSize,true
core/tab-panels,typography.__experimentalFontFamily,true
core/tab-panels,__experimentalBorder.radius,true
core/tab-panels,__experimentalBorder.color,true
core/tab-panels,__experimentalBorder.width,true
core/tab-panels,__experimentalBorder.style,true
core/table,anchor,true
core/table,align,true
core/table,color.__experimentalSkipSerialization,true
core/table,color.gradients,true
core/table,color.__experimentalDefaultControls.background,true
core/table,color.__experimentalDefaultControls.text,true
core/table,spacing.margin,true
core/table,spacing.padding,true
core/table,spacing.__experimentalDefaultControls.margin,false
core/table,spacing.__experimentalDefaultControls.padding,false
core/table,typography.fontSize,true
core/table,typography.lineHeight,true
core/table,typography.__experimentalFontFamily,true
core/table,typography.__experimentalFontStyle,true
core/table,typography.__experimentalFontWeight,true
core/table,typography.__experimentalLetterSpacing,true
core/table,typography.__experimentalTextTransform,true
core/table,typography.__experimentalTextDecoration,true
core/table,typography.__experimentalDefaultControls.fontSize,true
core/table,__experimentalBorder.__experimentalSkipSerialization,true
core/table,__experimentalBorder.color,true
core/table,__experimentalBorder.style,true
core/table,__experimentalBorder.width,true
core/table,__experimentalBorder.__experimentalDefaultControls.color,true
core/table,__experimentalBorder.__experimentalDefaultControls.style,true
core/table,__experimentalBorder.__experimentalDefaultControls.width,true
core/table,interactivity.clientNavigation,true
core/tabs,align,true
core/tabs,anchor,true
core/tabs,color.text,true
core/tabs,color.background,true
core/tabs,color.__experimentalDefaultControls.text,true
core/tabs,color.__experimentalDefaultControls.background,true
core/tabs,layout.allowEditing,false
core/tabs,html,false
core/tabs,interactivity,true
core/tabs,spacing.blockGap,true
core/tabs,spacing.margin,true
core/tabs,spacing.padding,true
core/tabs,typography.fontSize,true
core/tabs,typography.__experimentalFontFamily,true
core/tag-cloud,anchor,true
core/tag-cloud,html,false
core/tag-cloud,align,true
core/tag-cloud,spacing.margin,true
core/tag-cloud,spacing.padding,true
core/tag-cloud,typography.lineHeight,true
core/tag-cloud,typography.__experimentalFontFamily,true
core/tag-cloud,typography.__experimentalFontWeight,true
core/tag-cloud,typography.__experimentalFontStyle,true
core/tag-cloud,typography.__experimentalTextTransform,true
core/tag-cloud,typography.__experimentalLetterSpacing,true
core/tag-cloud,interactivity.clientNavigation,true
core/tag-cloud,__experimentalBorder.radius,true
core/tag-cloud,__experimentalBorder.color,true
core/tag-cloud,__experimentalBorder.width,true
core/tag-cloud,__experimentalBorder.style,true
core/tag-cloud,__experimentalBorder.__experimentalDefaultControls.radius,true
core/tag-cloud,__experimentalBorder.__experimentalDefaultControls.color,true
core/tag-cloud,__experimentalBorder.__experimentalDefaultControls.width,true
core/tag-cloud,__experimentalBorder.__experimentalDefaultControls.style,true
core/template-part,align,true
core/template-part,html,false
core/template-part,reusable,false
core/template-part,renaming,false
core/template-part,interactivity.clientNavigation,true
core/term-count,anchor,true
core/term-count,html,false
core/term-count,color.gradients,true
core/term-count,color.__experimentalDefaultControls.background,true
core/term-count,color.__experimentalDefaultControls.text,true
core/term-count,spacing.padding,true
core/term-count,typography.fontSize,true
core/term-count,typography.lineHeight,true
core/term-count,typography.__experimentalFontFamily,true
core/term-count,typography.__experimentalFontWeight,true
core/term-count,typography.__experimentalFontStyle,true
core/term-count,typography.__experimentalTextTransform,true
core/term-count,typography.__experimentalTextDecoration,true
core/term-count,typography.__experimentalLetterSpacing,true
core/term-count,typography.__experimentalDefaultControls.fontSize,true
core/term-count,interactivity.clientNavigation,true
core/term-count,__experimentalBorder.radius,true
core/term-count,__experimentalBorder.color,true
core/term-count,__experimentalBorder.width,true
core/term-count,__experimentalBorder.style,true
core/term-count,__experimentalBorder.__experimentalDefaultControls.color,true
core/term-count,__experimentalBorder.__experimentalDefaultControls.width,true
core/term-count,__experimentalBorder.__experimentalDefaultControls.style,true
core/term-description,anchor,true
core/term-description,align,"[""wide"", ""full""]"
core/term-description,html,false
core/term-description,color.link,true
core/term-description,color.__experimentalDefaultControls.background,true
core/term-description,color.__experimentalDefaultControls.text,true
core/term-description,spacing.padding,true
core/term-description,spacing.margin,true
core/term-description,typography.fontSize,true
core/term-description,typography.lineHeight,true
core/term-description,typography.textAlign,true
core/term-description,typography.__experimentalFontFamily,true
core/term-description,typography.__experimentalFontWeight,true
core/term-description,typography.__experimentalFontStyle,true
core/term-description,typography.__experimentalTextTransform,true
core/term-description,typography.__experimentalTextDecoration,true
core/term-description,typography.__experimentalLetterSpacing,true
core/term-description,typography.__experimentalDefaultControls.fontSize,true
core/term-description,interactivity.clientNavigation,true
core/term-description,__experimentalBorder.radius,true
core/term-description,__experimentalBorder.color,true
core/term-description,__experimentalBorder.width,true
core/term-description,__experimentalBorder.style,true
core/term-description,__experimentalBorder.__experimentalDefaultControls.radius,true
core/term-description,__experimentalBorder.__experimentalDefaultControls.color,true
core/term-description,__experimentalBorder.__experimentalDefaultControls.width,true
core/term-description,__experimentalBorder.__experimentalDefaultControls.style,true
core/term-name,anchor,true
core/term-name,align,"[""wide"", ""full""]"
core/term-name,html,false
core/term-name,color.gradients,true
core/term-name,color.link,true
core/term-name,color.__experimentalDefaultControls.background,true
core/term-name,color.__experimentalDefaultControls.text,true
core/term-name,color.__experimentalDefaultControls.link,true
core/term-name,spacing.padding,true
core/term-name,typography.fontSize,true
core/term-name,typography.lineHeight,true
core/term-name,typography.textAlign,true
core/term-name,typography.__experimentalFontFamily,true
core/term-name,typography.__experimentalFontWeight,true
core/term-name,typography.__experimentalFontStyle,true
core/term-name,typography.__experimentalTextTransform,true
core/term-name,typography.__experimentalTextDecoration,true
core/term-name,typography.__experimentalLetterSpacing,true
core/term-name,typography.__experimentalDefaultControls.fontSize,true
core/term-name,interactivity.clientNavigation,true
core/term-name,__experimentalBorder.radius,true
core/term-name,__experimentalBorder.color,true
core/term-name,__experimentalBorder.width,true
core/term-name,__experimentalBorder.style,true
core/term-name,__experimentalBorder.__experimentalDefaultControls.color,true
core/term-name,__experimentalBorder.__experimentalDefaultControls.width,true
core/term-name,__experimentalBorder.__experimentalDefaultControls.style,true
core/term-template,anchor,true
core/term-template,reusable,false
core/term-template,html,false
core/term-template,align,"[""wide"", ""full""]"
core/term-template,layout,true
core/term-template,color.gradients,true
core/term-template,color.link,true
core/term-template,color.__experimentalDefaultControls.background,true
core/term-template,color.__experimentalDefaultControls.text,true
core/term-template,typography.fontSize,true
core/term-template,typography.lineHeight,true
core/term-template,typography.__experimentalFontFamily,true
core/term-template,typography.__experimentalFontWeight,true
core/term-template,typography.__experimentalFontStyle,true
core/term-template,typography.__experimentalTextTransform,true
core/term-template,typography.__experimentalTextDecoration,true
core/term-template,typography.__experimentalLetterSpacing,true
core/term-template,typography.__experimentalDefaultControls.fontSize,true
core/term-template,spacing.margin,true
core/term-template,spacing.padding,true
core/term-template,spacing.blockGap.__experimentalDefault,"""1.25em"""
core/term-template,spacing.__experimentalDefaultControls.blockGap,true
core/term-template,spacing.__experimentalDefaultControls.padding,false
core/term-template,spacing.__experimentalDefaultControls.margin,false
core/term-template,interactivity.clientNavigation,true
core/term-template,__experimentalBorder.radius,true
core/term-template,__experimentalBorder.color,true
core/term-template,__experimentalBorder.width,true
core/term-template,__experimentalBorder.style,true
core/terms-query,anchor,true
core/terms-query,align,"[""wide"", ""full""]"
core/terms-query,html,false
core/terms-query,layout,true
core/terms-query,interactivity,true
core/text-columns,inserter,false
core/text-columns,interactivity.clientNavigation,true
core/verse,anchor,true
core/verse,background.backgroundImage,true
core/verse,background.backgroundSize,true
core/verse,background.gradient,true
core/verse,background.__experimentalDefaultControls.backgroundImage,true
core/verse,background.__experimentalDefaultControls.gradient,true
core/verse,color.gradients,true
core/verse,color.link,true
core/verse,color.__experimentalDefaultControls.background,true
core/verse,color.__experimentalDefaultControls.text,true
core/verse,dimensions.minHeight,true
core/verse,dimensions.__experimentalDefaultControls.minHeight,false
core/verse,typography.fontSize,true
core/verse,typography.__experimentalFontFamily,true
core/verse,typography.lineHeight,true
core/verse,typography.textAlign,true
core/verse,typography.__experimentalFontStyle,true
core/verse,typography.__experimentalFontWeight,true
core/verse,typography.__experimentalLetterSpacing,true
core/verse,typography.__experimentalTextTransform,true
core/verse,typography.__experimentalTextDecoration,true
core/verse,typography.__experimentalWritingMode,true
core/verse,typography.__experimentalDefaultControls.fontSize,true
core/verse,spacing.margin,true
core/verse,spacing.padding,true
core/verse,spacing.__experimentalDefaultControls.margin,false
core/verse,spacing.__experimentalDefaultControls.padding,false
core/verse,__experimentalBorder.radius,true
core/verse,__experimentalBorder.width,true
core/verse,__experimentalBorder.color,true
core/verse,__experimentalBorder.style,true
core/verse,interactivity.clientNavigation,true
core/video,anchor,true
core/video,align,true
core/video,spacing.margin,true
core/video,spacing.padding,true
core/video,spacing.__experimentalDefaultControls.margin,false
core/video,spacing.__experimentalDefaultControls.padding,false
core/video,interactivity.clientNavigation,true
core/widget-group,html,false
core/widget-group,inserter,true
core/widget-group,customClassName,true
core/widget-group,reusable,false
moksafocou/coupon-cards,html,false
moksafocou/coupon-cards,align,"[""wide"", ""full""]"
woocommerce/accordion-group,html,false
woocommerce/accordion-group,align,"[""wide"", ""full""]"
woocommerce/accordion-group,background.backgroundImage,true
woocommerce/accordion-group,background.backgroundSize,true
woocommerce/accordion-group,background.__experimentalDefaultControls.backgroundImage,true
woocommerce/accordion-group,color.background,true
woocommerce/accordion-group,color.gradient,true
woocommerce/accordion-group,__experimentalBorder.color,true
woocommerce/accordion-group,__experimentalBorder.radius,true
woocommerce/accordion-group,__experimentalBorder.style,true
woocommerce/accordion-group,__experimentalBorder.width,true
woocommerce/accordion-group,__experimentalBorder.__experimentalDefaultControls.color,true
woocommerce/accordion-group,__experimentalBorder.__experimentalDefaultControls.radius,true
woocommerce/accordion-group,__experimentalBorder.__experimentalDefaultControls.style,true
woocommerce/accordion-group,__experimentalBorder.__experimentalDefaultControls.width,true
woocommerce/accordion-group,spacing.padding,true
woocommerce/accordion-group,spacing.margin,"[""top"", ""bottom""]"
woocommerce/accordion-group,spacing.blockGap,true
woocommerce/accordion-group,shadow,true
woocommerce/accordion-group,layout,true
woocommerce/accordion-group,interactivity,true
woocommerce/accordion-header,anchor,true
woocommerce/accordion-header,color.background,true
woocommerce/accordion-header,color.gradient,true
woocommerce/accordion-header,align,false
woocommerce/accordion-header,border,true
woocommerce/accordion-header,interactivity,true
woocommerce/accordion-header,spacing.padding,true
woocommerce/accordion-header,spacing.margin,"[""top"", ""bottom""]"
woocommerce/accordion-header,spacing.__experimentalDefaultControls.padding,true
woocommerce/accordion-header,spacing.__experimentalDefaultControls.margin,true
woocommerce/accordion-header,__experimentalBorder.color,true
woocommerce/accordion-header,__experimentalBorder.radius,true
woocommerce/accordion-header,__experimentalBorder.style,true
woocommerce/accordion-header,__experimentalBorder.width,true
woocommerce/accordion-header,__experimentalBorder.__experimentalDefaultControls.color,true
woocommerce/accordion-header,__experimentalBorder.__experimentalDefaultControls.radius,true
woocommerce/accordion-header,__experimentalBorder.__experimentalDefaultControls.style,true
woocommerce/accordion-header,__experimentalBorder.__experimentalDefaultControls.width,true
woocommerce/accordion-header,typography.textAlign,true
woocommerce/accordion-header,typography.fontSize,true
woocommerce/accordion-header,typography.__experimentalFontFamily,true
woocommerce/accordion-header,typography.__experimentalFontWeight,true
woocommerce/accordion-header,typography.__experimentalFontStyle,true
woocommerce/accordion-header,typography.__experimentalTextTransform,true
woocommerce/accordion-header,typography.__experimentalTextDecoration,true
woocommerce/accordion-header,typography.__experimentalLetterSpacing,true
woocommerce/accordion-header,typography.__experimentalDefaultControls.fontSize,true
woocommerce/accordion-header,typography.__experimentalDefaultControls.fontFamily,true
woocommerce/accordion-header,shadow,true
woocommerce/accordion-header,layout,true
woocommerce/accordion-item,align,"[""wide"", ""full""]"
woocommerce/accordion-item,color.background,true
woocommerce/accordion-item,color.gradient,true
woocommerce/accordion-item,interactivity,true
woocommerce/accordion-item,spacing.margin,"[""top"", ""bottom""]"
woocommerce/accordion-item,spacing.blockGap,true
woocommerce/accordion-item,__experimentalBorder.color,true
woocommerce/accordion-item,__experimentalBorder.radius,true
woocommerce/accordion-item,__experimentalBorder.style,true
woocommerce/accordion-item,__experimentalBorder.width,true
woocommerce/accordion-item,__experimentalBorder.__experimentalDefaultControls.color,true
woocommerce/accordion-item,__experimentalBorder.__experimentalDefaultControls.radius,true
woocommerce/accordion-item,__experimentalBorder.__experimentalDefaultControls.style,true
woocommerce/accordion-item,__experimentalBorder.__experimentalDefaultControls.width,true
woocommerce/accordion-item,shadow,true
woocommerce/accordion-item,layout,true
woocommerce/accordion-panel,color.background,true
woocommerce/accordion-panel,color.gradient,true
woocommerce/accordion-panel,border,true
woocommerce/accordion-panel,interactivity,true
woocommerce/accordion-panel,spacing.padding,true
woocommerce/accordion-panel,spacing.margin,"[""top"", ""bottom""]"
woocommerce/accordion-panel,spacing.blockGap,true
woocommerce/accordion-panel,spacing.__experimentalDefaultControls.padding,true
woocommerce/accordion-panel,spacing.__experimentalDefaultControls.blockGap,true
woocommerce/accordion-panel,__experimentalBorder.color,true
woocommerce/accordion-panel,__experimentalBorder.radius,true
woocommerce/accordion-panel,__experimentalBorder.style,true
woocommerce/accordion-panel,__experimentalBorder.width,true
woocommerce/accordion-panel,__experimentalBorder.__experimentalDefaultControls.color,true
woocommerce/accordion-panel,__experimentalBorder.__experimentalDefaultControls.radius,true
woocommerce/accordion-panel,__experimentalBorder.__experimentalDefaultControls.style,true
woocommerce/accordion-panel,__experimentalBorder.__experimentalDefaultControls.width,true
woocommerce/accordion-panel,typography.fontSize,true
woocommerce/accordion-panel,typography.lineHeight,true
woocommerce/accordion-panel,typography.__experimentalFontFamily,true
woocommerce/accordion-panel,typography.__experimentalFontWeight,true
woocommerce/accordion-panel,typography.__experimentalFontStyle,true
woocommerce/accordion-panel,typography.__experimentalTextTransform,true
woocommerce/accordion-panel,typography.__experimentalTextDecoration,true
woocommerce/accordion-panel,typography.__experimentalLetterSpacing,true
woocommerce/accordion-panel,typography.__experimentalDefaultControls.fontSize,true
woocommerce/accordion-panel,shadow,true
woocommerce/accordion-panel,layout,true
woocommerce/active-filters,interactivity.clientNavigation,false
woocommerce/active-filters,html,false
woocommerce/active-filters,multiple,false
woocommerce/active-filters,inserter,false
woocommerce/active-filters,color.text,true
woocommerce/active-filters,color.background,false
woocommerce/active-filters,lock,false
woocommerce/add-to-cart-form,interactivity,true
woocommerce/all-products,interactivity.clientNavigation,false
woocommerce/all-products,align,"[""wide"", ""full""]"
woocommerce/all-products,html,false
woocommerce/all-products,multiple,false
woocommerce/all-products,inserter,false
woocommerce/all-reviews,html,false
woocommerce/all-reviews,interactivity.clientNavigation,true
woocommerce/all-reviews,color.background,false
woocommerce/all-reviews,typography.fontSize,true
woocommerce/attribute-filter,html,false
woocommerce/attribute-filter,color.text,true
woocommerce/attribute-filter,color.background,false
woocommerce/attribute-filter,inserter,false
woocommerce/attribute-filter,lock,false
woocommerce/attribute-filter,interactivity,false
woocommerce/breadcrumbs,interactivity.clientNavigation,true
woocommerce/breadcrumbs,align,"[""wide"", ""full""]"
woocommerce/breadcrumbs,color.background,false
woocommerce/breadcrumbs,color.link,true
woocommerce/breadcrumbs,html,false
woocommerce/breadcrumbs,typography.fontSize,true
woocommerce/breadcrumbs,typography.lineHeight,true
woocommerce/breadcrumbs,typography.__experimentalFontFamily,true
woocommerce/breadcrumbs,typography.__experimentalFontStyle,true
woocommerce/breadcrumbs,typography.__experimentalFontWeight,true
woocommerce/breadcrumbs,typography.__experimentalTextTransform,true
woocommerce/breadcrumbs,typography.__experimentalDefaultControls.fontSize,true
woocommerce/cart-accepted-payment-methods-block,align,false
woocommerce/cart-accepted-payment-methods-block,html,false
woocommerce/cart-accepted-payment-methods-block,multiple,false
woocommerce/cart-accepted-payment-methods-block,reusable,false
woocommerce/cart-accepted-payment-methods-block,inserter,true
woocommerce/cart-cross-sells-block,align,false
woocommerce/cart-cross-sells-block,html,false
woocommerce/cart-cross-sells-block,multiple,false
woocommerce/cart-cross-sells-block,reusable,false
woocommerce/cart-cross-sells-block,inserter,false
woocommerce/cart-cross-sells-products-block,align,false
woocommerce/cart-cross-sells-products-block,html,false
woocommerce/cart-cross-sells-products-block,multiple,false
woocommerce/cart-cross-sells-products-block,reusable,false
woocommerce/cart-cross-sells-products-block,inserter,false
woocommerce/cart-cross-sells-products-block,lock,false
woocommerce/cart-cross-sells-products-block,email,true
woocommerce/cart-express-payment-block,align,false
woocommerce/cart-express-payment-block,html,false
woocommerce/cart-express-payment-block,multiple,false
woocommerce/cart-express-payment-block,reusable,false
woocommerce/cart-express-payment-block,inserter,false
woocommerce/cart-express-payment-block,lock,false
woocommerce/cart-items-block,align,false
woocommerce/cart-items-block,html,false
woocommerce/cart-items-block,multiple,false
woocommerce/cart-items-block,reusable,false
woocommerce/cart-items-block,inserter,false
woocommerce/cart-items-block,lock,false
woocommerce/cart-line-items-block,align,false
woocommerce/cart-line-items-block,html,false
woocommerce/cart-line-items-block,multiple,false
woocommerce/cart-line-items-block,reusable,false
woocommerce/cart-line-items-block,inserter,false
woocommerce/cart-line-items-block,lock,false
woocommerce/cart-link,interactivity.clientNavigation,true
woocommerce/cart-link,html,false
woocommerce/cart-link,multiple,false
woocommerce/cart-link,typography.fontSize,true
woocommerce/cart-link,color.text,false
woocommerce/cart-link,color.link,true
woocommerce/cart-link,spacing.padding,true
woocommerce/cart-order-summary-block,align,false
woocommerce/cart-order-summary-block,html,false
woocommerce/cart-order-summary-block,multiple,false
woocommerce/cart-order-summary-block,reusable,false
woocommerce/cart-order-summary-block,inserter,false
woocommerce/cart-order-summary-block,lock,false
woocommerce/cart-order-summary-coupon-form-block,align,false
woocommerce/cart-order-summary-coupon-form-block,html,false
woocommerce/cart-order-summary-coupon-form-block,multiple,false
woocommerce/cart-order-summary-coupon-form-block,reusable,false
woocommerce/cart-order-summary-discount-block,align,false
woocommerce/cart-order-summary-discount-block,html,false
woocommerce/cart-order-summary-discount-block,multiple,false
woocommerce/cart-order-summary-discount-block,reusable,false
woocommerce/cart-order-summary-discount-block,lock,false
woocommerce/cart-order-summary-fee-block,align,false
woocommerce/cart-order-summary-fee-block,html,false
woocommerce/cart-order-summary-fee-block,multiple,false
woocommerce/cart-order-summary-fee-block,reusable,false
woocommerce/cart-order-summary-fee-block,lock,false
woocommerce/cart-order-summary-heading-block,align,false
woocommerce/cart-order-summary-heading-block,html,false
woocommerce/cart-order-summary-heading-block,multiple,false
woocommerce/cart-order-summary-heading-block,reusable,false
woocommerce/cart-order-summary-shipping-block,align,false
woocommerce/cart-order-summary-shipping-block,html,false
woocommerce/cart-order-summary-shipping-block,multiple,false
woocommerce/cart-order-summary-shipping-block,reusable,false
woocommerce/cart-order-summary-shipping-block,lock,false
woocommerce/cart-order-summary-subtotal-block,align,false
woocommerce/cart-order-summary-subtotal-block,html,false
woocommerce/cart-order-summary-subtotal-block,multiple,false
woocommerce/cart-order-summary-subtotal-block,reusable,false
woocommerce/cart-order-summary-subtotal-block,lock,false
woocommerce/cart-order-summary-taxes-block,align,false
woocommerce/cart-order-summary-taxes-block,html,false
woocommerce/cart-order-summary-taxes-block,multiple,false
woocommerce/cart-order-summary-taxes-block,reusable,false
woocommerce/cart-order-summary-taxes-block,lock,false
woocommerce/cart-order-summary-totals-block,align,false
woocommerce/cart-order-summary-totals-block,html,false
woocommerce/cart-order-summary-totals-block,multiple,false
woocommerce/cart-order-summary-totals-block,reusable,false
woocommerce/cart-order-summary-totals-block,lock,false
woocommerce/cart-totals-block,align,false
woocommerce/cart-totals-block,html,false
woocommerce/cart-totals-block,multiple,false
woocommerce/cart-totals-block,reusable,false
woocommerce/cart-totals-block,inserter,false
woocommerce/cart-totals-block,lock,false
woocommerce/catalog-sorting,interactivity,true
woocommerce/catalog-sorting,color.text,true
woocommerce/catalog-sorting,color.background,false
woocommerce/catalog-sorting,typography.fontSize,true
woocommerce/category-description,align,false
woocommerce/category-description,color.background,true
woocommerce/category-description,color.text,true
woocommerce/category-description,html,false
woocommerce/category-description,spacing.margin,true
woocommerce/category-description,spacing.padding,true
woocommerce/category-description,typography,true
woocommerce/category-title,align,false
woocommerce/category-title,color.background,true
woocommerce/category-title,color.text,true
woocommerce/category-title,html,false
woocommerce/category-title,spacing.margin,true
woocommerce/category-title,spacing.padding,true
woocommerce/category-title,typography,true
woocommerce/checkout,align,"[""wide""]"
woocommerce/checkout,html,false
woocommerce/checkout,multiple,false
woocommerce/checkout-actions-block,align,false
woocommerce/checkout-actions-block,html,false
woocommerce/checkout-actions-block,multiple,false
woocommerce/checkout-actions-block,reusable,false
woocommerce/checkout-actions-block,inserter,false
woocommerce/checkout-actions-block,lock,false
woocommerce/checkout-additional-information-block,align,false
woocommerce/checkout-additional-information-block,html,false
woocommerce/checkout-additional-information-block,multiple,false
woocommerce/checkout-additional-information-block,reusable,false
woocommerce/checkout-billing-address-block,align,false
woocommerce/checkout-billing-address-block,html,false
woocommerce/checkout-billing-address-block,multiple,false
woocommerce/checkout-billing-address-block,reusable,false
woocommerce/checkout-billing-address-block,inserter,false
woocommerce/checkout-billing-address-block,lock,false
woocommerce/checkout-contact-information-block,align,false
woocommerce/checkout-contact-information-block,html,false
woocommerce/checkout-contact-information-block,multiple,false
woocommerce/checkout-contact-information-block,reusable,false
woocommerce/checkout-contact-information-block,inserter,false
woocommerce/checkout-contact-information-block,lock,false
woocommerce/checkout-express-payment-block,align,false
woocommerce/checkout-express-payment-block,html,false
woocommerce/checkout-express-payment-block,multiple,false
woocommerce/checkout-express-payment-block,reusable,false
woocommerce/checkout-express-payment-block,inserter,false
woocommerce/checkout-express-payment-block,lock,false
woocommerce/checkout-fields-block,align,false
woocommerce/checkout-fields-block,html,false
woocommerce/checkout-fields-block,multiple,false
woocommerce/checkout-fields-block,reusable,false
woocommerce/checkout-fields-block,inserter,false
woocommerce/checkout-fields-block,lock,false
woocommerce/checkout-order-note-block,align,false
woocommerce/checkout-order-note-block,html,false
woocommerce/checkout-order-note-block,multiple,false
woocommerce/checkout-order-note-block,reusable,false
woocommerce/checkout-order-summary-block,align,false
woocommerce/checkout-order-summary-block,html,false
woocommerce/checkout-order-summary-block,multiple,false
woocommerce/checkout-order-summary-block,reusable,false
woocommerce/checkout-order-summary-block,inserter,false
woocommerce/checkout-order-summary-block,lock,false
woocommerce/checkout-order-summary-cart-items-block,align,false
woocommerce/checkout-order-summary-cart-items-block,html,false
woocommerce/checkout-order-summary-cart-items-block,multiple,false
woocommerce/checkout-order-summary-cart-items-block,reusable,false
woocommerce/checkout-order-summary-cart-items-block,lock,false
woocommerce/checkout-order-summary-coupon-form-block,align,false
woocommerce/checkout-order-summary-coupon-form-block,html,false
woocommerce/checkout-order-summary-coupon-form-block,multiple,false
woocommerce/checkout-order-summary-coupon-form-block,reusable,false
woocommerce/checkout-order-summary-discount-block,align,false
woocommerce/checkout-order-summary-discount-block,html,false
woocommerce/checkout-order-summary-discount-block,multiple,false
woocommerce/checkout-order-summary-discount-block,reusable,false
woocommerce/checkout-order-summary-discount-block,lock,false
woocommerce/checkout-order-summary-fee-block,align,false
woocommerce/checkout-order-summary-fee-block,html,false
woocommerce/checkout-order-summary-fee-block,multiple,false
woocommerce/checkout-order-summary-fee-block,reusable,false
woocommerce/checkout-order-summary-fee-block,lock,false
woocommerce/checkout-order-summary-shipping-block,align,false
woocommerce/checkout-order-summary-shipping-block,html,false
woocommerce/checkout-order-summary-shipping-block,multiple,false
woocommerce/checkout-order-summary-shipping-block,reusable,false
woocommerce/checkout-order-summary-shipping-block,lock,false
woocommerce/checkout-order-summary-subtotal-block,align,false
woocommerce/checkout-order-summary-subtotal-block,html,false
woocommerce/checkout-order-summary-subtotal-block,multiple,false
woocommerce/checkout-order-summary-subtotal-block,reusable,false
woocommerce/checkout-order-summary-subtotal-block,lock,false
woocommerce/checkout-order-summary-taxes-block,align,false
woocommerce/checkout-order-summary-taxes-block,html,false
woocommerce/checkout-order-summary-taxes-block,multiple,false
woocommerce/checkout-order-summary-taxes-block,reusable,false
woocommerce/checkout-order-summary-taxes-block,lock,false
woocommerce/checkout-order-summary-totals-block,align,false
woocommerce/checkout-order-summary-totals-block,html,false
woocommerce/checkout-order-summary-totals-block,multiple,false
woocommerce/checkout-order-summary-totals-block,reusable,false
woocommerce/checkout-order-summary-totals-block,lock,false
woocommerce/checkout-payment-block,align,false
woocommerce/checkout-payment-block,html,false
woocommerce/checkout-payment-block,multiple,false
woocommerce/checkout-payment-block,reusable,false
woocommerce/checkout-payment-block,inserter,false
woocommerce/checkout-payment-block,lock,false
woocommerce/checkout-pickup-options-block,align,false
woocommerce/checkout-pickup-options-block,html,false
woocommerce/checkout-pickup-options-block,multiple,false
woocommerce/checkout-pickup-options-block,reusable,false
woocommerce/checkout-pickup-options-block,inserter,false
woocommerce/checkout-pickup-options-block,lock,false
woocommerce/checkout-shipping-address-block,align,false
woocommerce/checkout-shipping-address-block,html,false
woocommerce/checkout-shipping-address-block,multiple,false
woocommerce/checkout-shipping-address-block,reusable,false
woocommerce/checkout-shipping-address-block,inserter,false
woocommerce/checkout-shipping-address-block,lock,false
woocommerce/checkout-shipping-method-block,align,false
woocommerce/checkout-shipping-method-block,html,false
woocommerce/checkout-shipping-method-block,multiple,false
woocommerce/checkout-shipping-method-block,reusable,false
woocommerce/checkout-shipping-method-block,inserter,false
woocommerce/checkout-shipping-method-block,lock,false
woocommerce/checkout-shipping-methods-block,align,false
woocommerce/checkout-shipping-methods-block,html,false
woocommerce/checkout-shipping-methods-block,multiple,false
woocommerce/checkout-shipping-methods-block,reusable,false
woocommerce/checkout-shipping-methods-block,inserter,false
woocommerce/checkout-shipping-methods-block,lock,false
woocommerce/checkout-terms-block,align,false
woocommerce/checkout-terms-block,html,false
woocommerce/checkout-terms-block,multiple,false
woocommerce/checkout-terms-block,reusable,false
woocommerce/checkout-totals-block,align,false
woocommerce/checkout-totals-block,html,false
woocommerce/checkout-totals-block,multiple,false
woocommerce/checkout-totals-block,reusable,false
woocommerce/checkout-totals-block,inserter,false
woocommerce/checkout-totals-block,lock,false
woocommerce/classic-shortcode,interactivity.clientNavigation,false
woocommerce/classic-shortcode,align,true
woocommerce/classic-shortcode,html,false
woocommerce/classic-shortcode,multiple,false
woocommerce/classic-shortcode,reusable,false
woocommerce/classic-shortcode,inserter,true
woocommerce/coming-soon,color.background,true
woocommerce/coming-soon,color.text,true
woocommerce/coming-soon,inserter,false
woocommerce/coupon-code,email,true
woocommerce/coupon-code,html,false
woocommerce/coupon-code,align,true
woocommerce/coupon-code,color.text,true
woocommerce/coupon-code,color.background,true
woocommerce/coupon-code,typography.fontSize,true
woocommerce/coupon-code,spacing.margin,true
woocommerce/coupon-code,spacing.padding,true
woocommerce/coupon-code,__experimentalBorder.color,true
woocommerce/coupon-code,__experimentalBorder.radius,true
woocommerce/coupon-code,__experimentalBorder.style,true
woocommerce/coupon-code,__experimentalBorder.width,true
woocommerce/customer-account,align,true
woocommerce/customer-account,color.text,true
woocommerce/customer-account,interactivity,true
woocommerce/customer-account,typography.fontSize,true
woocommerce/customer-account,typography.__experimentalFontFamily,true
woocommerce/customer-account,spacing.margin,true
woocommerce/customer-account,spacing.padding,true
woocommerce/dropdown,interactivity,true
woocommerce/dropdown,woocommerce.innerBlockDisplayStyle,true
woocommerce/email-content,inserter,false
woocommerce/email-content,email,true
woocommerce/empty-cart-block,align,"[""wide""]"
woocommerce/empty-cart-block,html,false
woocommerce/empty-cart-block,multiple,false
woocommerce/empty-cart-block,reusable,false
woocommerce/empty-cart-block,inserter,false
woocommerce/empty-cart-block,lock,false
woocommerce/empty-mini-cart-contents-block,align,false
woocommerce/empty-mini-cart-contents-block,html,false
woocommerce/empty-mini-cart-contents-block,multiple,false
woocommerce/empty-mini-cart-contents-block,reusable,false
woocommerce/empty-mini-cart-contents-block,inserter,false
woocommerce/empty-mini-cart-contents-block,lock,false
woocommerce/empty-mini-cart-contents-block,interactivity,true
woocommerce/featured-category,interactivity.clientNavigation,true
woocommerce/featured-category,align,"[""wide"", ""full""]"
woocommerce/featured-category,ariaLabel,true
woocommerce/featured-category,color.background,true
woocommerce/featured-category,color.text,true
woocommerce/featured-category,html,false
woocommerce/featured-category,filter.duotone,true
woocommerce/featured-category,spacing.padding,true
woocommerce/featured-category,spacing.__experimentalDefaultControls.padding,true
woocommerce/featured-category,spacing.__experimentalSkipSerialization,true
woocommerce/featured-category,__experimentalBorder.color,true
woocommerce/featured-category,__experimentalBorder.radius,true
woocommerce/featured-category,__experimentalBorder.width,true
woocommerce/featured-category,__experimentalBorder.__experimentalDefaultControls.color,true
woocommerce/featured-category,__experimentalBorder.__experimentalDefaultControls.radius,true
woocommerce/featured-category,__experimentalBorder.__experimentalDefaultControls.width,true
woocommerce/featured-category,__experimentalBorder.__experimentalSkipSerialization,true
woocommerce/featured-product,interactivity.clientNavigation,true
woocommerce/featured-product,align,"[""wide"", ""full""]"
woocommerce/featured-product,ariaLabel,true
woocommerce/featured-product,html,false
woocommerce/featured-product,filter.duotone,true
woocommerce/featured-product,color.background,true
woocommerce/featured-product,color.text,true
woocommerce/featured-product,spacing.padding,true
woocommerce/featured-product,spacing.__experimentalDefaultControls.padding,true
woocommerce/featured-product,spacing.__experimentalSkipSerialization,true
woocommerce/featured-product,__experimentalBorder.color,true
woocommerce/featured-product,__experimentalBorder.radius,true
woocommerce/featured-product,__experimentalBorder.width,true
woocommerce/featured-product,__experimentalBorder.__experimentalDefaultControls.color,true
woocommerce/featured-product,__experimentalBorder.__experimentalDefaultControls.radius,true
woocommerce/featured-product,__experimentalBorder.__experimentalDefaultControls.width,true
woocommerce/featured-product,__experimentalBorder.__experimentalSkipSerialization,true
woocommerce/featured-product,multiple,true
woocommerce/filled-cart-block,align,"[""wide""]"
woocommerce/filled-cart-block,html,false
woocommerce/filled-cart-block,multiple,false
woocommerce/filled-cart-block,reusable,false
woocommerce/filled-cart-block,inserter,false
woocommerce/filled-cart-block,lock,false
woocommerce/filled-mini-cart-contents-block,align,false
woocommerce/filled-mini-cart-contents-block,html,false
woocommerce/filled-mini-cart-contents-block,multiple,false
woocommerce/filled-mini-cart-contents-block,reusable,false
woocommerce/filled-mini-cart-contents-block,inserter,false
woocommerce/filled-mini-cart-contents-block,lock,false
woocommerce/filled-mini-cart-contents-block,interactivity,true
woocommerce/filter-wrapper,interactivity.clientNavigation,false
woocommerce/filter-wrapper,inserter,false
woocommerce/handpicked-products,interactivity.clientNavigation,false
woocommerce/handpicked-products,align,"[""wide"", ""full""]"
woocommerce/handpicked-products,html,false
woocommerce/handpicked-products,inserter,false
woocommerce/mini-cart,html,false
woocommerce/mini-cart,multiple,false
woocommerce/mini-cart,typography.fontSize,true
woocommerce/mini-cart,spacing.margin,true
woocommerce/mini-cart,spacing.padding,true
woocommerce/mini-cart,interactivity,true
woocommerce/mini-cart-cart-button-block,align,false
woocommerce/mini-cart-cart-button-block,html,false
woocommerce/mini-cart-cart-button-block,multiple,false
woocommerce/mini-cart-cart-button-block,reusable,false
woocommerce/mini-cart-cart-button-block,inserter,true
woocommerce/mini-cart-cart-button-block,color.text,true
woocommerce/mini-cart-cart-button-block,color.background,true
woocommerce/mini-cart-cart-button-block,interactivity.clientNavigation,true
woocommerce/mini-cart-checkout-button-block,align,false
woocommerce/mini-cart-checkout-button-block,html,false
woocommerce/mini-cart-checkout-button-block,multiple,false
woocommerce/mini-cart-checkout-button-block,reusable,false
woocommerce/mini-cart-checkout-button-block,inserter,true
woocommerce/mini-cart-checkout-button-block,color.text,true
woocommerce/mini-cart-checkout-button-block,color.background,true
woocommerce/mini-cart-checkout-button-block,interactivity.clientNavigation,true
woocommerce/mini-cart-contents,align,false
woocommerce/mini-cart-contents,html,false
woocommerce/mini-cart-contents,multiple,false
woocommerce/mini-cart-contents,reusable,false
woocommerce/mini-cart-contents,inserter,false
woocommerce/mini-cart-contents,color.text,true
woocommerce/mini-cart-contents,color.background,true
woocommerce/mini-cart-contents,color.link,true
woocommerce/mini-cart-contents,lock,false
woocommerce/mini-cart-contents,__experimentalBorder.color,true
woocommerce/mini-cart-contents,__experimentalBorder.width,true
woocommerce/mini-cart-footer-block,align,false
woocommerce/mini-cart-footer-block,html,false
woocommerce/mini-cart-footer-block,multiple,false
woocommerce/mini-cart-footer-block,reusable,false
woocommerce/mini-cart-footer-block,inserter,false
woocommerce/mini-cart-footer-block,lock,false
woocommerce/mini-cart-footer-block,interactivity,true
woocommerce/mini-cart-items-block,align,false
woocommerce/mini-cart-items-block,html,false
woocommerce/mini-cart-items-block,multiple,false
woocommerce/mini-cart-items-block,reusable,false
woocommerce/mini-cart-items-block,inserter,false
woocommerce/mini-cart-items-block,lock,false
woocommerce/mini-cart-items-block,interactivity.clientNavigation,true
woocommerce/mini-cart-products-table-block,align,false
woocommerce/mini-cart-products-table-block,html,false
woocommerce/mini-cart-products-table-block,multiple,false
woocommerce/mini-cart-products-table-block,reusable,false
woocommerce/mini-cart-products-table-block,inserter,false
woocommerce/mini-cart-products-table-block,lock,false
woocommerce/mini-cart-products-table-block,interactivity,true
woocommerce/mini-cart-shopping-button-block,align,false
woocommerce/mini-cart-shopping-button-block,html,false
woocommerce/mini-cart-shopping-button-block,multiple,false
woocommerce/mini-cart-shopping-button-block,reusable,false
woocommerce/mini-cart-shopping-button-block,inserter,true
woocommerce/mini-cart-shopping-button-block,color.text,true
woocommerce/mini-cart-shopping-button-block,color.background,true
woocommerce/mini-cart-shopping-button-block,interactivity.clientNavigation,true
woocommerce/mini-cart-title-block,align,false
woocommerce/mini-cart-title-block,html,false
woocommerce/mini-cart-title-block,multiple,false
woocommerce/mini-cart-title-block,reusable,false
woocommerce/mini-cart-title-block,inserter,false
woocommerce/mini-cart-title-block,lock,false
woocommerce/mini-cart-title-block,color.text,true
woocommerce/mini-cart-title-block,color.background,false
woocommerce/mini-cart-title-block,typography.fontSize,true
woocommerce/mini-cart-title-block,interactivity.clientNavigation,true
woocommerce/mini-cart-title-items-counter-block,align,false
woocommerce/mini-cart-title-items-counter-block,html,false
woocommerce/mini-cart-title-items-counter-block,multiple,false
woocommerce/mini-cart-title-items-counter-block,reusable,false
woocommerce/mini-cart-title-items-counter-block,inserter,false
woocommerce/mini-cart-title-items-counter-block,lock,false
woocommerce/mini-cart-title-items-counter-block,color.text,true
woocommerce/mini-cart-title-items-counter-block,color.background,true
woocommerce/mini-cart-title-items-counter-block,typography.fontSize,true
woocommerce/mini-cart-title-items-counter-block,spacing.padding,true
woocommerce/mini-cart-title-items-counter-block,interactivity,true
woocommerce/mini-cart-title-label-block,align,false
woocommerce/mini-cart-title-label-block,html,false
woocommerce/mini-cart-title-label-block,multiple,false
woocommerce/mini-cart-title-label-block,reusable,false
woocommerce/mini-cart-title-label-block,inserter,false
woocommerce/mini-cart-title-label-block,lock,false
woocommerce/mini-cart-title-label-block,color.text,true
woocommerce/mini-cart-title-label-block,color.background,true
woocommerce/mini-cart-title-label-block,typography.fontSize,true
woocommerce/mini-cart-title-label-block,spacing.padding,true
woocommerce/mini-cart-title-label-block,interactivity.clientNavigation,true
woocommerce/order-confirmation-additional-fields,multiple,false
woocommerce/order-confirmation-additional-fields,align,"[""wide"", ""full""]"
woocommerce/order-confirmation-additional-fields,html,false
woocommerce/order-confirmation-additional-fields,__experimentalBorder.color,true
woocommerce/order-confirmation-additional-fields,__experimentalBorder.radius,true
woocommerce/order-confirmation-additional-fields,__experimentalBorder.width,true
woocommerce/order-confirmation-additional-fields,__experimentalBorder.style,true
woocommerce/order-confirmation-additional-fields,__experimentalBorder.__experimentalDefaultControls.width,true
woocommerce/order-confirmation-additional-fields,__experimentalBorder.__experimentalDefaultControls.color,true
woocommerce/order-confirmation-additional-fields,spacing.padding,true
woocommerce/order-confirmation-additional-fields,spacing.margin,true
woocommerce/order-confirmation-additional-fields,spacing.__experimentalDefaultControls.margin,false
woocommerce/order-confirmation-additional-fields,spacing.__experimentalDefaultControls.padding,false
woocommerce/order-confirmation-additional-fields-wrapper,multiple,false
woocommerce/order-confirmation-additional-fields-wrapper,align,"[""wide"", ""full""]"
woocommerce/order-confirmation-additional-fields-wrapper,html,false
woocommerce/order-confirmation-additional-fields-wrapper,spacing.padding,true
woocommerce/order-confirmation-additional-fields-wrapper,spacing.margin,true
woocommerce/order-confirmation-additional-fields-wrapper,spacing.__experimentalDefaultControls.margin,false
woocommerce/order-confirmation-additional-fields-wrapper,spacing.__experimentalDefaultControls.padding,false
woocommerce/order-confirmation-additional-information,multiple,false
woocommerce/order-confirmation-additional-information,align,"[""wide"", ""full""]"
woocommerce/order-confirmation-additional-information,html,false
woocommerce/order-confirmation-additional-information,__experimentalBorder.color,true
woocommerce/order-confirmation-additional-information,__experimentalBorder.radius,true
woocommerce/order-confirmation-additional-information,__experimentalBorder.width,true
woocommerce/order-confirmation-additional-information,__experimentalBorder.style,true
woocommerce/order-confirmation-additional-information,__experimentalBorder.__experimentalDefaultControls.width,true
woocommerce/order-confirmation-additional-information,__experimentalBorder.__experimentalDefaultControls.color,true
woocommerce/order-confirmation-additional-information,spacing.padding,true
woocommerce/order-confirmation-additional-information,spacing.margin,true
woocommerce/order-confirmation-additional-information,spacing.__experimentalDefaultControls.margin,false
woocommerce/order-confirmation-additional-information,spacing.__experimentalDefaultControls.padding,false
woocommerce/order-confirmation-billing-address,multiple,false
woocommerce/order-confirmation-billing-address,align,"[""wide"", ""full""]"
woocommerce/order-confirmation-billing-address,inserter,false
woocommerce/order-confirmation-billing-address,html,false
woocommerce/order-confirmation-billing-address,color.text,true
woocommerce/order-confirmation-billing-address,color.background,true
woocommerce/order-confirmation-billing-address,color.__experimentalDefaultControls.background,true
woocommerce/order-confirmation-billing-address,color.__experimentalDefaultControls.text,true
woocommerce/order-confirmation-billing-address,typography.fontSize,true
woocommerce/order-confirmation-billing-address,typography.lineHeight,true
woocommerce/order-confirmation-billing-address,typography.__experimentalFontFamily,true
woocommerce/order-confirmation-billing-address,typography.__experimentalFontWeight,true
woocommerce/order-confirmation-billing-address,typography.__experimentalFontStyle,true
woocommerce/order-confirmation-billing-address,typography.__experimentalTextTransform,true
woocommerce/order-confirmation-billing-address,typography.__experimentalTextDecoration,true
woocommerce/order-confirmation-billing-address,typography.__experimentalLetterSpacing,true
woocommerce/order-confirmation-billing-address,typography.__experimentalDefaultControls.fontSize,true
woocommerce/order-confirmation-billing-address,__experimentalBorder.color,true
woocommerce/order-confirmation-billing-address,__experimentalBorder.radius,true
woocommerce/order-confirmation-billing-address,__experimentalBorder.width,true
woocommerce/order-confirmation-billing-address,__experimentalBorder.style,true
woocommerce/order-confirmation-billing-address,__experimentalBorder.__experimentalDefaultControls.width,true
woocommerce/order-confirmation-billing-address,__experimentalBorder.__experimentalDefaultControls.color,true
woocommerce/order-confirmation-billing-address,spacing.padding,true
woocommerce/order-confirmation-billing-address,spacing.margin,true
woocommerce/order-confirmation-billing-address,spacing.__experimentalDefaultControls.margin,false
woocommerce/order-confirmation-billing-address,spacing.__experimentalDefaultControls.padding,false
woocommerce/order-confirmation-billing-wrapper,multiple,false
woocommerce/order-confirmation-billing-wrapper,align,"[""wide"", ""full""]"
woocommerce/order-confirmation-billing-wrapper,html,false
woocommerce/order-confirmation-billing-wrapper,spacing.padding,true
woocommerce/order-confirmation-billing-wrapper,spacing.margin,true
woocommerce/order-confirmation-billing-wrapper,spacing.__experimentalDefaultControls.margin,false
woocommerce/order-confirmation-billing-wrapper,spacing.__experimentalDefaultControls.padding,false
woocommerce/order-confirmation-create-account,multiple,false
woocommerce/order-confirmation-create-account,inserter,false
woocommerce/order-confirmation-create-account,html,false
woocommerce/order-confirmation-create-account,lock,false
woocommerce/order-confirmation-create-account,align,"[""wide"", ""full""]"
woocommerce/order-confirmation-create-account,color.background,true
woocommerce/order-confirmation-create-account,color.text,true
woocommerce/order-confirmation-create-account,color.button,true
woocommerce/order-confirmation-create-account,spacing.padding,true
woocommerce/order-confirmation-create-account,spacing.margin,true
woocommerce/order-confirmation-create-account,spacing.__experimentalDefaultControls.margin,false
woocommerce/order-confirmation-create-account,spacing.__experimentalDefaultControls.padding,false
woocommerce/order-confirmation-downloads,multiple,false
woocommerce/order-confirmation-downloads,align,"[""wide"", ""full""]"
woocommerce/order-confirmation-downloads,html,false
woocommerce/order-confirmation-downloads,typography.fontSize,true
woocommerce/order-confirmation-downloads,typography.lineHeight,true
woocommerce/order-confirmation-downloads,typography.__experimentalFontFamily,true
woocommerce/order-confirmation-downloads,typography.__experimentalTextDecoration,true
woocommerce/order-confirmation-downloads,typography.__experimentalFontStyle,true
woocommerce/order-confirmation-downloads,typography.__experimentalFontWeight,true
woocommerce/order-confirmation-downloads,typography.__experimentalLetterSpacing,true
woocommerce/order-confirmation-downloads,typography.__experimentalTextTransform,true
woocommerce/order-confirmation-downloads,typography.__experimentalDefaultControls.fontSize,true
woocommerce/order-confirmation-downloads,color.background,true
woocommerce/order-confirmation-downloads,color.text,true
woocommerce/order-confirmation-downloads,color.link,true
woocommerce/order-confirmation-downloads,color.gradients,true
woocommerce/order-confirmation-downloads,color.__experimentalDefaultControls.background,true
woocommerce/order-confirmation-downloads,color.__experimentalDefaultControls.text,true
woocommerce/order-confirmation-downloads,spacing.padding,true
woocommerce/order-confirmation-downloads,spacing.margin,true
woocommerce/order-confirmation-downloads,spacing.__experimentalDefaultControls.margin,false
woocommerce/order-confirmation-downloads,spacing.__experimentalDefaultControls.padding,false
woocommerce/order-confirmation-downloads,__experimentalBorder.color,true
woocommerce/order-confirmation-downloads,__experimentalBorder.style,true
woocommerce/order-confirmation-downloads,__experimentalBorder.width,true
woocommerce/order-confirmation-downloads,__experimentalBorder.__experimentalDefaultControls.color,true
woocommerce/order-confirmation-downloads,__experimentalBorder.__experimentalDefaultControls.style,true
woocommerce/order-confirmation-downloads,__experimentalBorder.__experimentalDefaultControls.width,true
woocommerce/order-confirmation-downloads,__experimentalSelector,""".wp-block-woocommerce-order-confirmation-totals table"""
woocommerce/order-confirmation-downloads-wrapper,multiple,false
woocommerce/order-confirmation-downloads-wrapper,align,"[""wide"", ""full""]"
woocommerce/order-confirmation-downloads-wrapper,html,false
woocommerce/order-confirmation-downloads-wrapper,spacing.padding,true
woocommerce/order-confirmation-downloads-wrapper,spacing.margin,true
woocommerce/order-confirmation-downloads-wrapper,spacing.__experimentalDefaultControls.margin,false
woocommerce/order-confirmation-downloads-wrapper,spacing.__experimentalDefaultControls.padding,false
woocommerce/order-confirmation-shipping-address,multiple,false
woocommerce/order-confirmation-shipping-address,align,"[""wide"", ""full""]"
woocommerce/order-confirmation-shipping-address,inserter,false
woocommerce/order-confirmation-shipping-address,html,false
woocommerce/order-confirmation-shipping-address,color.text,true
woocommerce/order-confirmation-shipping-address,color.background,true
woocommerce/order-confirmation-shipping-address,color.__experimentalDefaultControls.background,true
woocommerce/order-confirmation-shipping-address,color.__experimentalDefaultControls.text,true
woocommerce/order-confirmation-shipping-address,typography.fontSize,true
woocommerce/order-confirmation-shipping-address,typography.lineHeight,true
woocommerce/order-confirmation-shipping-address,typography.__experimentalFontFamily,true
woocommerce/order-confirmation-shipping-address,typography.__experimentalFontWeight,true
woocommerce/order-confirmation-shipping-address,typography.__experimentalFontStyle,true
woocommerce/order-confirmation-shipping-address,typography.__experimentalTextTransform,true
woocommerce/order-confirmation-shipping-address,typography.__experimentalTextDecoration,true
woocommerce/order-confirmation-shipping-address,typography.__experimentalLetterSpacing,true
woocommerce/order-confirmation-shipping-address,typography.__experimentalDefaultControls.fontSize,true
woocommerce/order-confirmation-shipping-address,__experimentalBorder.color,true
woocommerce/order-confirmation-shipping-address,__experimentalBorder.radius,true
woocommerce/order-confirmation-shipping-address,__experimentalBorder.width,true
woocommerce/order-confirmation-shipping-address,__experimentalBorder.style,true
woocommerce/order-confirmation-shipping-address,__experimentalBorder.__experimentalDefaultControls.width,true
woocommerce/order-confirmation-shipping-address,__experimentalBorder.__experimentalDefaultControls.color,true
woocommerce/order-confirmation-shipping-address,spacing.padding,true
woocommerce/order-confirmation-shipping-address,spacing.margin,true
woocommerce/order-confirmation-shipping-address,spacing.__experimentalDefaultControls.margin,false
woocommerce/order-confirmation-shipping-address,spacing.__experimentalDefaultControls.padding,false
woocommerce/order-confirmation-shipping-wrapper,multiple,false
woocommerce/order-confirmation-shipping-wrapper,align,"[""wide"", ""full""]"
woocommerce/order-confirmation-shipping-wrapper,html,false
woocommerce/order-confirmation-shipping-wrapper,spacing.padding,true
woocommerce/order-confirmation-shipping-wrapper,spacing.margin,true
woocommerce/order-confirmation-shipping-wrapper,spacing.__experimentalDefaultControls.margin,false
woocommerce/order-confirmation-shipping-wrapper,spacing.__experimentalDefaultControls.padding,false
woocommerce/order-confirmation-status,multiple,false
woocommerce/order-confirmation-status,align,"[""wide"", ""full""]"
woocommerce/order-confirmation-status,html,false
woocommerce/order-confirmation-status,typography.fontSize,true
woocommerce/order-confirmation-status,typography.lineHeight,true
woocommerce/order-confirmation-status,typography.__experimentalFontFamily,true
woocommerce/order-confirmation-status,typography.__experimentalTextDecoration,true
woocommerce/order-confirmation-status,typography.__experimentalFontStyle,true
woocommerce/order-confirmation-status,typography.__experimentalFontWeight,true
woocommerce/order-confirmation-status,typography.__experimentalLetterSpacing,true
woocommerce/order-confirmation-status,typography.__experimentalTextTransform,true
woocommerce/order-confirmation-status,typography.__experimentalDefaultControls.fontSize,true
woocommerce/order-confirmation-status,color.background,true
woocommerce/order-confirmation-status,color.text,true
woocommerce/order-confirmation-status,color.gradients,true
woocommerce/order-confirmation-status,color.__experimentalDefaultControls.background,true
woocommerce/order-confirmation-status,color.__experimentalDefaultControls.text,true
woocommerce/order-confirmation-status,spacing.padding,true
woocommerce/order-confirmation-status,spacing.margin,true
woocommerce/order-confirmation-status,spacing.__experimentalDefaultControls.margin,false
woocommerce/order-confirmation-status,spacing.__experimentalDefaultControls.padding,false
woocommerce/order-confirmation-summary,multiple,false
woocommerce/order-confirmation-summary,align,"[""wide"", ""full""]"
woocommerce/order-confirmation-summary,html,false
woocommerce/order-confirmation-summary,typography.fontSize,true
woocommerce/order-confirmation-summary,typography.lineHeight,true
woocommerce/order-confirmation-summary,typography.__experimentalFontFamily,true
woocommerce/order-confirmation-summary,typography.__experimentalTextDecoration,true
woocommerce/order-confirmation-summary,typography.__experimentalFontStyle,true
woocommerce/order-confirmation-summary,typography.__experimentalFontWeight,true
woocommerce/order-confirmation-summary,typography.__experimentalLetterSpacing,true
woocommerce/order-confirmation-summary,typography.__experimentalTextTransform,true
woocommerce/order-confirmation-summary,typography.__experimentalDefaultControls.fontSize,true
woocommerce/order-confirmation-summary,color.background,true
woocommerce/order-confirmation-summary,color.text,true
woocommerce/order-confirmation-summary,color.gradients,true
woocommerce/order-confirmation-summary,color.__experimentalDefaultControls.background,true
woocommerce/order-confirmation-summary,color.__experimentalDefaultControls.text,true
woocommerce/order-confirmation-summary,__experimentalBorder.color,true
woocommerce/order-confirmation-summary,__experimentalBorder.radius,true
woocommerce/order-confirmation-summary,__experimentalBorder.width,true
woocommerce/order-confirmation-summary,__experimentalBorder.__experimentalDefaultControls.width,true
woocommerce/order-confirmation-summary,__experimentalBorder.__experimentalDefaultControls.color,true
woocommerce/order-confirmation-summary,spacing.padding,true
woocommerce/order-confirmation-summary,spacing.margin,true
woocommerce/order-confirmation-summary,spacing.__experimentalDefaultControls.margin,false
woocommerce/order-confirmation-summary,spacing.__experimentalDefaultControls.padding,false
woocommerce/order-confirmation-totals,multiple,false
woocommerce/order-confirmation-totals,align,"[""wide"", ""full""]"
woocommerce/order-confirmation-totals,html,false
woocommerce/order-confirmation-totals,typography.fontSize,true
woocommerce/order-confirmation-totals,typography.lineHeight,true
woocommerce/order-confirmation-totals,typography.__experimentalFontFamily,true
woocommerce/order-confirmation-totals,typography.__experimentalTextDecoration,true
woocommerce/order-confirmation-totals,typography.__experimentalFontStyle,true
woocommerce/order-confirmation-totals,typography.__experimentalFontWeight,true
woocommerce/order-confirmation-totals,typography.__experimentalLetterSpacing,true
woocommerce/order-confirmation-totals,typography.__experimentalTextTransform,true
woocommerce/order-confirmation-totals,typography.__experimentalDefaultControls.fontSize,true
woocommerce/order-confirmation-totals,color.background,true
woocommerce/order-confirmation-totals,color.text,true
woocommerce/order-confirmation-totals,color.link,true
woocommerce/order-confirmation-totals,color.gradients,true
woocommerce/order-confirmation-totals,color.__experimentalDefaultControls.background,true
woocommerce/order-confirmation-totals,color.__experimentalDefaultControls.text,true
woocommerce/order-confirmation-totals,spacing.padding,true
woocommerce/order-confirmation-totals,spacing.margin,true
woocommerce/order-confirmation-totals,spacing.__experimentalDefaultControls.margin,false
woocommerce/order-confirmation-totals,spacing.__experimentalDefaultControls.padding,false
woocommerce/order-confirmation-totals,__experimentalBorder.color,true
woocommerce/order-confirmation-totals,__experimentalBorder.style,true
woocommerce/order-confirmation-totals,__experimentalBorder.width,true
woocommerce/order-confirmation-totals,__experimentalBorder.__experimentalDefaultControls.color,true
woocommerce/order-confirmation-totals,__experimentalBorder.__experimentalDefaultControls.style,true
woocommerce/order-confirmation-totals,__experimentalBorder.__experimentalDefaultControls.width,true
woocommerce/order-confirmation-totals,__experimentalSelector,""".wp-block-woocommerce-order-confirmation-totals table"""
woocommerce/order-confirmation-totals-wrapper,multiple,false
woocommerce/order-confirmation-totals-wrapper,align,"[""wide"", ""full""]"
woocommerce/order-confirmation-totals-wrapper,html,false
woocommerce/order-confirmation-totals-wrapper,spacing.padding,true
woocommerce/order-confirmation-totals-wrapper,spacing.margin,true
woocommerce/order-confirmation-totals-wrapper,spacing.__experimentalDefaultControls.margin,false
woocommerce/order-confirmation-totals-wrapper,spacing.__experimentalDefaultControls.padding,false
woocommerce/page-content-wrapper,html,false
woocommerce/page-content-wrapper,multiple,false
woocommerce/page-content-wrapper,inserter,false
woocommerce/payment-method-icons,spacing.margin,true
woocommerce/payment-method-icons,spacing.padding,true
woocommerce/price-filter,interactivity.clientNavigation,false
woocommerce/price-filter,html,false
woocommerce/price-filter,multiple,false
woocommerce/price-filter,color.text,true
woocommerce/price-filter,color.background,false
woocommerce/price-filter,inserter,false
woocommerce/price-filter,lock,false
woocommerce/proceed-to-checkout-block,align,false
woocommerce/proceed-to-checkout-block,html,false
woocommerce/proceed-to-checkout-block,multiple,false
woocommerce/proceed-to-checkout-block,reusable,false
woocommerce/proceed-to-checkout-block,inserter,false
woocommerce/proceed-to-checkout-block,lock,false
woocommerce/product-average-rating,interactivity.clientNavigation,true
woocommerce/product-average-rating,color.text,true
woocommerce/product-average-rating,color.background,true
woocommerce/product-average-rating,color.__experimentalSkipSerialization,true
woocommerce/product-average-rating,spacing.margin,true
woocommerce/product-average-rating,spacing.padding,true
woocommerce/product-average-rating,spacing.__experimentalSkipSerialization,true
woocommerce/product-average-rating,typography.fontSize,true
woocommerce/product-average-rating,typography.__experimentalFontWeight,true
woocommerce/product-average-rating,typography.__experimentalSkipSerialization,true
woocommerce/product-average-rating,__experimentalSelector,""".wc-block-components-product-average-rating"""
woocommerce/product-best-sellers,interactivity.clientNavigation,false
woocommerce/product-best-sellers,align,"[""wide"", ""full""]"
woocommerce/product-best-sellers,html,false
woocommerce/product-best-sellers,inserter,false
woocommerce/product-button,align,"[""wide"", ""full""]"
woocommerce/product-button,color.text,true
woocommerce/product-button,color.background,true
woocommerce/product-button,color.link,false
woocommerce/product-button,color.__experimentalSkipSerialization,true
woocommerce/product-button,interactivity,true
woocommerce/product-button,html,false
woocommerce/product-button,typography.fontSize,true
woocommerce/product-button,typography.lineHeight,true
woocommerce/product-button,typography.__experimentalFontWeight,true
woocommerce/product-button,typography.__experimentalFontFamily,true
woocommerce/product-button,typography.__experimentalFontStyle,true
woocommerce/product-button,typography.__experimentalTextTransform,true
woocommerce/product-button,typography.__experimentalTextDecoration,true
woocommerce/product-button,typography.__experimentalLetterSpacing,true
woocommerce/product-button,typography.__experimentalDefaultControls.fontSize,true
woocommerce/product-button,__experimentalBorder.radius,true
woocommerce/product-button,__experimentalBorder.__experimentalSkipSerialization,true
woocommerce/product-button,spacing.margin,true
woocommerce/product-button,spacing.padding,true
woocommerce/product-button,spacing.__experimentalSkipSerialization,true
woocommerce/product-button,email,true
woocommerce/product-button,__experimentalSelector,""".wp-block-button.wc-block-components-product-button .wc-block-components-product-button__button"""
woocommerce/product-categories,interactivity.clientNavigation,true
woocommerce/product-categories,align,"[""wide"", ""full""]"
woocommerce/product-categories,html,false
woocommerce/product-categories,color.background,false
woocommerce/product-categories,color.link,true
woocommerce/product-categories,typography.fontSize,true
woocommerce/product-categories,typography.lineHeight,true
woocommerce/product-category,interactivity.clientNavigation,false
woocommerce/product-category,align,"[""wide"", ""full""]"
woocommerce/product-category,html,false
woocommerce/product-category,inserter,false
woocommerce/product-collection,align,"[""wide"", ""full""]"
woocommerce/product-collection,anchor,true
woocommerce/product-collection,html,false
woocommerce/product-collection,__experimentalLayout,true
woocommerce/product-collection,interactivity,true
woocommerce/product-collection,email,true
woocommerce/product-collection-no-results,interactivity.clientNavigation,true
woocommerce/product-collection-no-results,align,true
woocommerce/product-collection-no-results,reusable,false
woocommerce/product-collection-no-results,html,false
woocommerce/product-collection-no-results,color.gradients,true
woocommerce/product-collection-no-results,color.link,true
woocommerce/product-collection-no-results,typography.fontSize,true
woocommerce/product-collection-no-results,typography.lineHeight,true
woocommerce/product-collection-no-results,typography.__experimentalFontFamily,true
woocommerce/product-collection-no-results,typography.__experimentalFontWeight,true
woocommerce/product-collection-no-results,typography.__experimentalFontStyle,true
woocommerce/product-collection-no-results,typography.__experimentalTextTransform,true
woocommerce/product-collection-no-results,typography.__experimentalTextDecoration,true
woocommerce/product-collection-no-results,typography.__experimentalLetterSpacing,true
woocommerce/product-collection-no-results,typography.__experimentalDefaultControls.fontSize,true
woocommerce/product-collection-no-results,email,true
woocommerce/product-description,interactivity.clientNavigation,true
woocommerce/product-description,align,"[""wide"", ""full""]"
woocommerce/product-description,html,false
woocommerce/product-description,layout,true
woocommerce/product-description,background.backgroundImage,true
woocommerce/product-description,background.backgroundSize,true
woocommerce/product-description,background.__experimentalDefaultControls.backgroundImage,true
woocommerce/product-description,dimensions.minHeight,true
woocommerce/product-description,spacing.blockGap,true
woocommerce/product-description,spacing.padding,true
woocommerce/product-description,spacing.margin,true
woocommerce/product-description,spacing.__experimentalDefaultControls.margin,false
woocommerce/product-description,spacing.__experimentalDefaultControls.padding,false
woocommerce/product-description,color.gradients,true
woocommerce/product-description,color.heading,true
woocommerce/product-description,color.link,true
woocommerce/product-description,color.__experimentalDefaultControls.background,false
woocommerce/product-description,color.__experimentalDefaultControls.text,false
woocommerce/product-description,typography.fontSize,true
woocommerce/product-description,typography.lineHeight,true
woocommerce/product-description,typography.__experimentalFontFamily,true
woocommerce/product-description,typography.__experimentalFontWeight,true
woocommerce/product-description,typography.__experimentalFontStyle,true
woocommerce/product-description,typography.__experimentalTextTransform,true
woocommerce/product-description,typography.__experimentalTextDecoration,true
woocommerce/product-description,typography.__experimentalLetterSpacing,true
woocommerce/product-description,typography.__experimentalDefaultControls.fontSize,true
woocommerce/product-description,__experimentalBorder.radius,true
woocommerce/product-description,__experimentalBorder.color,true
woocommerce/product-description,__experimentalBorder.width,true
woocommerce/product-description,__experimentalBorder.style,true
woocommerce/product-description,__experimentalBorder.__experimentalDefaultControls.radius,true
woocommerce/product-description,__experimentalBorder.__experimentalDefaultControls.color,true
woocommerce/product-description,__experimentalBorder.__experimentalDefaultControls.width,true
woocommerce/product-description,__experimentalBorder.__experimentalDefaultControls.style,true
woocommerce/product-details,interactivity.clientNavigation,true
woocommerce/product-details,align,"[""wide"", ""full""]"
woocommerce/product-filter-active,interactivity,true
woocommerce/product-filter-active,__experimentalBorder.color,true
woocommerce/product-filter-active,__experimentalBorder.radius,true
woocommerce/product-filter-active,__experimentalBorder.style,true
woocommerce/product-filter-active,__experimentalBorder.width,true
woocommerce/product-filter-active,__experimentalBorder.__experimentalDefaultControls.color,false
woocommerce/product-filter-active,__experimentalBorder.__experimentalDefaultControls.radius,false
woocommerce/product-filter-active,__experimentalBorder.__experimentalDefaultControls.style,false
woocommerce/product-filter-active,__experimentalBorder.__experimentalDefaultControls.width,false
woocommerce/product-filter-active,spacing.margin,true
woocommerce/product-filter-active,spacing.padding,true
woocommerce/product-filter-active,spacing.blockGap,false
woocommerce/product-filter-active,spacing.__experimentalDefaultControls.margin,false
woocommerce/product-filter-active,spacing.__experimentalDefaultControls.padding,false
woocommerce/product-filter-active,spacing.__experimentalDefaultControls.blockGap,false
woocommerce/product-filter-attribute,interactivity,true
woocommerce/product-filter-attribute,color.text,true
woocommerce/product-filter-attribute,color.background,false
woocommerce/product-filter-attribute,color.__experimentalDefaultControls.text,false
woocommerce/product-filter-attribute,typography.fontSize,true
woocommerce/product-filter-attribute,typography.lineHeight,true
woocommerce/product-filter-attribute,typography.__experimentalFontWeight,true
woocommerce/product-filter-attribute,typography.__experimentalFontFamily,true
woocommerce/product-filter-attribute,typography.__experimentalFontStyle,true
woocommerce/product-filter-attribute,typography.__experimentalTextTransform,true
woocommerce/product-filter-attribute,typography.__experimentalTextDecoration,true
woocommerce/product-filter-attribute,typography.__experimentalLetterSpacing,true
woocommerce/product-filter-attribute,typography.__experimentalDefaultControls.fontSize,false
woocommerce/product-filter-attribute,spacing.margin,true
woocommerce/product-filter-attribute,spacing.padding,true
woocommerce/product-filter-attribute,spacing.blockGap,true
woocommerce/product-filter-attribute,spacing.__experimentalDefaultControls.margin,false
woocommerce/product-filter-attribute,spacing.__experimentalDefaultControls.padding,false
woocommerce/product-filter-attribute,spacing.__experimentalDefaultControls.blockGap,false
woocommerce/product-filter-attribute,__experimentalBorder.color,true
woocommerce/product-filter-attribute,__experimentalBorder.radius,true
woocommerce/product-filter-attribute,__experimentalBorder.style,true
woocommerce/product-filter-attribute,__experimentalBorder.width,true
woocommerce/product-filter-attribute,__experimentalBorder.__experimentalDefaultControls.color,false
woocommerce/product-filter-attribute,__experimentalBorder.__experimentalDefaultControls.radius,false
woocommerce/product-filter-attribute,__experimentalBorder.__experimentalDefaultControls.style,false
woocommerce/product-filter-attribute,__experimentalBorder.__experimentalDefaultControls.width,false
woocommerce/product-filter-checkbox-list,interactivity,true
woocommerce/product-filter-checkbox-list,woocommerce.innerBlockDisplayStyle,true
woocommerce/product-filter-chips,interactivity,true
woocommerce/product-filter-chips,woocommerce.innerBlockDisplayStyle,true
woocommerce/product-filter-clear-button,interactivity,true
woocommerce/product-filter-clear-button,inserter,true
woocommerce/product-filter-price,interactivity,true
woocommerce/product-filter-price,html,false
woocommerce/product-filter-price-slider,html,false
woocommerce/product-filter-price-slider,color.enableContrastChecker,false
woocommerce/product-filter-price-slider,color.background,false
woocommerce/product-filter-price-slider,color.text,false
woocommerce/product-filter-price-slider,interactivity,true
woocommerce/product-filter-rating,interactivity,true
woocommerce/product-filter-rating,color.background,false
woocommerce/product-filter-rating,color.text,true
woocommerce/product-filter-removable-chips,layout.allowSwitching,false
woocommerce/product-filter-removable-chips,layout.allowInheriting,false
woocommerce/product-filter-removable-chips,layout.allowVerticalAlignment,false
woocommerce/product-filter-removable-chips,layout.default.type,"""flex"""
woocommerce/product-filter-removable-chips,interactivity,true
woocommerce/product-filter-status,interactivity,true
woocommerce/product-filter-status,html,false
woocommerce/product-filter-status,color.text,true
woocommerce/product-filter-status,color.background,false
woocommerce/product-filter-status,color.__experimentalDefaultControls.text,false
woocommerce/product-filter-status,typography.fontSize,true
woocommerce/product-filter-status,typography.lineHeight,true
woocommerce/product-filter-status,typography.__experimentalFontWeight,true
woocommerce/product-filter-status,typography.__experimentalFontFamily,true
woocommerce/product-filter-status,typography.__experimentalFontStyle,true
woocommerce/product-filter-status,typography.__experimentalTextTransform,true
woocommerce/product-filter-status,typography.__experimentalTextDecoration,true
woocommerce/product-filter-status,typography.__experimentalLetterSpacing,true
woocommerce/product-filter-status,typography.__experimentalDefaultControls.fontSize,false
woocommerce/product-filter-status,spacing.margin,true
woocommerce/product-filter-status,spacing.padding,true
woocommerce/product-filter-status,spacing.blockGap,true
woocommerce/product-filter-status,spacing.__experimentalDefaultControls.margin,false
woocommerce/product-filter-status,spacing.__experimentalDefaultControls.padding,false
woocommerce/product-filter-status,spacing.__experimentalDefaultControls.blockGap,false
woocommerce/product-filter-status,__experimentalBorder.color,true
woocommerce/product-filter-status,__experimentalBorder.radius,true
woocommerce/product-filter-status,__experimentalBorder.style,true
woocommerce/product-filter-status,__experimentalBorder.width,true
woocommerce/product-filter-status,__experimentalBorder.__experimentalDefaultControls.color,false
woocommerce/product-filter-status,__experimentalBorder.__experimentalDefaultControls.radius,false
woocommerce/product-filter-status,__experimentalBorder.__experimentalDefaultControls.style,false
woocommerce/product-filter-status,__experimentalBorder.__experimentalDefaultControls.width,false
woocommerce/product-filter-taxonomy,interactivity,true
woocommerce/product-filter-taxonomy,color.text,true
woocommerce/product-filter-taxonomy,color.background,false
woocommerce/product-filter-taxonomy,color.__experimentalDefaultControls.text,false
woocommerce/product-filter-taxonomy,typography.fontSize,true
woocommerce/product-filter-taxonomy,typography.lineHeight,true
woocommerce/product-filter-taxonomy,typography.__experimentalFontWeight,true
woocommerce/product-filter-taxonomy,typography.__experimentalFontFamily,true
woocommerce/product-filter-taxonomy,typography.__experimentalFontStyle,true
woocommerce/product-filter-taxonomy,typography.__experimentalTextTransform,true
woocommerce/product-filter-taxonomy,typography.__experimentalTextDecoration,true
woocommerce/product-filter-taxonomy,typography.__experimentalLetterSpacing,true
woocommerce/product-filter-taxonomy,typography.__experimentalDefaultControls.fontSize,false
woocommerce/product-filter-taxonomy,spacing.margin,true
woocommerce/product-filter-taxonomy,spacing.padding,true
woocommerce/product-filter-taxonomy,spacing.blockGap,true
woocommerce/product-filter-taxonomy,spacing.__experimentalDefaultControls.margin,false
woocommerce/product-filter-taxonomy,spacing.__experimentalDefaultControls.padding,false
woocommerce/product-filter-taxonomy,spacing.__experimentalDefaultControls.blockGap,false
woocommerce/product-filter-taxonomy,__experimentalBorder.color,true
woocommerce/product-filter-taxonomy,__experimentalBorder.radius,true
woocommerce/product-filter-taxonomy,__experimentalBorder.style,true
woocommerce/product-filter-taxonomy,__experimentalBorder.width,true
woocommerce/product-filter-taxonomy,__experimentalBorder.__experimentalDefaultControls.color,false
woocommerce/product-filter-taxonomy,__experimentalBorder.__experimentalDefaultControls.radius,false
woocommerce/product-filter-taxonomy,__experimentalBorder.__experimentalDefaultControls.style,false
woocommerce/product-filter-taxonomy,__experimentalBorder.__experimentalDefaultControls.width,false
woocommerce/product-filters,align,true
woocommerce/product-filters,color.background,true
woocommerce/product-filters,color.text,true
woocommerce/product-filters,color.heading,true
woocommerce/product-filters,color.enableContrastChecker,false
woocommerce/product-filters,color.button,true
woocommerce/product-filters,inserter,true
woocommerce/product-filters,interactivity,true
woocommerce/product-filters,typography.fontSize,true
woocommerce/product-filters,layout.default.type,"""flex"""
woocommerce/product-filters,layout.default.orientation,"""vertical"""
woocommerce/product-filters,layout.default.flexWrap,"""nowrap"""
woocommerce/product-filters,layout.default.justifyContent,"""stretch"""
woocommerce/product-filters,layout.allowEditing,false
woocommerce/product-filters,spacing.blockGap,true
woocommerce/product-gallery,align,true
woocommerce/product-gallery,interactivity,true
woocommerce/product-gallery,layout.default.type,"""flex"""
woocommerce/product-gallery,layout.default.flexWrap,"""nowrap"""
woocommerce/product-gallery,layout.default.orientation,"""horizontal"""
woocommerce/product-gallery,layout.allowOrientation,true
woocommerce/product-gallery,layout.allowEditing,true
woocommerce/product-gallery,layout.allowJustification,false
woocommerce/product-gallery,email,true
woocommerce/product-gallery-large-image,interactivity,true
woocommerce/product-gallery-large-image-next-previous,interactivity,true
woocommerce/product-gallery-large-image-next-previous,color.background,true
woocommerce/product-gallery-large-image-next-previous,color.text,true
woocommerce/product-gallery-large-image-next-previous,color.__experimentalSkipSerialization,true
woocommerce/product-gallery-large-image-next-previous,align,true
woocommerce/product-gallery-large-image-next-previous,layout.default.type,"""flex"""
woocommerce/product-gallery-large-image-next-previous,layout.default.flexWrap,"""nowrap"""
woocommerce/product-gallery-large-image-next-previous,layout.default.verticalAlignment,"""center"""
woocommerce/product-gallery-large-image-next-previous,layout.allowVerticalAlignment,true
woocommerce/product-gallery-large-image-next-previous,layout.allowOrientation,false
woocommerce/product-gallery-large-image-next-previous,layout.allowJustification,false
woocommerce/product-gallery-large-image-next-previous,shadow,true
woocommerce/product-gallery-large-image-next-previous,spacing.margin,true
woocommerce/product-gallery-large-image-next-previous,spacing.__experimentalSkipSerialization,true
woocommerce/product-gallery-large-image-next-previous,__experimentalBorder.radius,true
woocommerce/product-gallery-large-image-next-previous,__experimentalBorder.__experimentalSkipSerialization,true
woocommerce/product-gallery-large-image-next-previous,__experimentalSelector,""".wc-block-next-previous-buttons__button"""
woocommerce/product-gallery-thumbnails,spacing.margin,true
woocommerce/product-gallery-thumbnails,interactivity,true
woocommerce/product-image,interactivity.clientNavigation,true
woocommerce/product-image,html,false
woocommerce/product-image,__experimentalBorder.radius,true
woocommerce/product-image,__experimentalBorder.__experimentalSkipSerialization,true
woocommerce/product-image,typography.fontSize,true
woocommerce/product-image,typography.__experimentalSkipSerialization,true
woocommerce/product-image,spacing.margin,true
woocommerce/product-image,spacing.padding,true
woocommerce/product-image,dimensions.aspectRatio,true
woocommerce/product-image,dimensions.__experimentalSkipSerialization,true
woocommerce/product-image,email,true
woocommerce/product-image,__experimentalSelector,""".wc-block-components-product-image"""
woocommerce/product-image-gallery,interactivity.clientNavigation,true
woocommerce/product-image-gallery,align,true
woocommerce/product-image-gallery,multiple,false
woocommerce/product-meta,interactivity.clientNavigation,true
woocommerce/product-meta,align,true
woocommerce/product-meta,reusable,false
woocommerce/product-new,interactivity.clientNavigation,false
woocommerce/product-new,align,"[""wide"", ""full""]"
woocommerce/product-new,html,false
woocommerce/product-new,inserter,false
woocommerce/product-on-sale,interactivity.clientNavigation,false
woocommerce/product-on-sale,align,"[""wide"", ""full""]"
woocommerce/product-on-sale,html,false
woocommerce/product-on-sale,inserter,false
woocommerce/product-price,html,false
woocommerce/product-price,interactivity,true
woocommerce/product-price,color.text,true
woocommerce/product-price,color.background,true
woocommerce/product-price,color.link,false
woocommerce/product-price,typography.fontSize,true
woocommerce/product-price,typography.lineHeight,true
woocommerce/product-price,typography.__experimentalFontFamily,true
woocommerce/product-price,typography.__experimentalFontWeight,true
woocommerce/product-price,typography.__experimentalFontStyle,true
woocommerce/product-price,typography.__experimentalLetterSpacing,true
woocommerce/product-price,__experimentalSelector,""".wp-block-woocommerce-product-price .wc-block-components-product-price"""
woocommerce/product-price,email,true
woocommerce/product-price,spacing.margin,true
woocommerce/product-price,spacing.padding,true
woocommerce/product-rating,interactivity.clientNavigation,true
woocommerce/product-rating,color.text,true
woocommerce/product-rating,color.background,false
woocommerce/product-rating,color.link,false
woocommerce/product-rating,color.__experimentalSkipSerialization,true
woocommerce/product-rating,spacing.margin,true
woocommerce/product-rating,spacing.padding,true
woocommerce/product-rating,typography.fontSize,true
woocommerce/product-rating,typography.__experimentalSkipSerialization,true
woocommerce/product-rating,__experimentalSelector,""".wc-block-components-product-rating"""
woocommerce/product-rating-counter,interactivity.clientNavigation,true
woocommerce/product-rating-counter,inserter,false
woocommerce/product-rating-counter,color.text,false
woocommerce/product-rating-counter,color.background,false
woocommerce/product-rating-counter,color.link,true
woocommerce/product-rating-counter,spacing.margin,true
woocommerce/product-rating-counter,spacing.padding,true
woocommerce/product-rating-counter,typography.fontSize,true
woocommerce/product-rating-counter,typography.__experimentalSkipSerialization,true
woocommerce/product-rating-counter,__experimentalSelector,""".wc-block-components-product-rating-counter"""
woocommerce/product-rating-stars,interactivity.clientNavigation,true
woocommerce/product-rating-stars,inserter,false
woocommerce/product-rating-stars,color.text,true
woocommerce/product-rating-stars,color.background,false
woocommerce/product-rating-stars,color.link,false
woocommerce/product-rating-stars,color.__experimentalSkipSerialization,true
woocommerce/product-rating-stars,spacing.margin,true
woocommerce/product-rating-stars,spacing.padding,true
woocommerce/product-rating-stars,typography.fontSize,true
woocommerce/product-rating-stars,typography.__experimentalSkipSerialization,true
woocommerce/product-rating-stars,__experimentalSelector,""".wc-block-components-product-rating"""
woocommerce/product-results-count,interactivity.clientNavigation,true
woocommerce/product-results-count,color.text,true
woocommerce/product-results-count,color.background,false
woocommerce/product-results-count,typography.fontSize,true
woocommerce/product-review-author-name,html,false
woocommerce/product-review-author-name,spacing.margin,true
woocommerce/product-review-author-name,spacing.padding,true
woocommerce/product-review-author-name,color.gradients,true
woocommerce/product-review-author-name,color.link,true
woocommerce/product-review-author-name,color.__experimentalDefaultControls.background,true
woocommerce/product-review-author-name,color.__experimentalDefaultControls.text,true
woocommerce/product-review-author-name,color.__experimentalDefaultControls.link,true
woocommerce/product-review-author-name,typography.fontSize,true
woocommerce/product-review-author-name,typography.lineHeight,true
woocommerce/product-review-author-name,typography.__experimentalFontFamily,true
woocommerce/product-review-author-name,typography.__experimentalFontWeight,true
woocommerce/product-review-author-name,typography.__experimentalFontStyle,true
woocommerce/product-review-author-name,typography.__experimentalTextTransform,true
woocommerce/product-review-author-name,typography.__experimentalTextDecoration,true
woocommerce/product-review-author-name,typography.__experimentalLetterSpacing,true
woocommerce/product-review-author-name,typography.__experimentalDefaultControls.fontSize,true
woocommerce/product-review-author-name,interactivity.clientNavigation,true
woocommerce/product-review-author-name,__experimentalBorder.radius,true
woocommerce/product-review-author-name,__experimentalBorder.color,true
woocommerce/product-review-author-name,__experimentalBorder.width,true
woocommerce/product-review-author-name,__experimentalBorder.style,true
woocommerce/product-review-author-name,__experimentalBorder.__experimentalDefaultControls.radius,true
woocommerce/product-review-author-name,__experimentalBorder.__experimentalDefaultControls.color,true
woocommerce/product-review-author-name,__experimentalBorder.__experimentalDefaultControls.width,true
woocommerce/product-review-author-name,__experimentalBorder.__experimentalDefaultControls.style,true
woocommerce/product-review-content,color.gradients,true
woocommerce/product-review-content,color.link,true
woocommerce/product-review-content,color.__experimentalDefaultControls.background,true
woocommerce/product-review-content,color.__experimentalDefaultControls.text,true
woocommerce/product-review-content,typography.fontSize,true
woocommerce/product-review-content,typography.lineHeight,true
woocommerce/product-review-content,typography.__experimentalFontFamily,true
woocommerce/product-review-content,typography.__experimentalFontWeight,true
woocommerce/product-review-content,typography.__experimentalFontStyle,true
woocommerce/product-review-content,typography.__experimentalTextTransform,true
woocommerce/product-review-content,typography.__experimentalTextDecoration,true
woocommerce/product-review-content,typography.__experimentalLetterSpacing,true
woocommerce/product-review-content,typography.__experimentalDefaultControls.fontSize,true
woocommerce/product-review-content,__experimentalBorder.radius,true
woocommerce/product-review-content,__experimentalBorder.color,true
woocommerce/product-review-content,__experimentalBorder.width,true
woocommerce/product-review-content,__experimentalBorder.style,true
woocommerce/product-review-content,__experimentalBorder.__experimentalDefaultControls.radius,true
woocommerce/product-review-content,__experimentalBorder.__experimentalDefaultControls.color,true
woocommerce/product-review-content,__experimentalBorder.__experimentalDefaultControls.width,true
woocommerce/product-review-content,__experimentalBorder.__experimentalDefaultControls.style,true
woocommerce/product-review-content,spacing.padding,"[""horizontal"", ""vertical""]"
woocommerce/product-review-content,spacing.__experimentalDefaultControls.padding,true
woocommerce/product-review-content,html,false
woocommerce/product-review-date,html,false
woocommerce/product-review-date,color.gradients,true
woocommerce/product-review-date,color.link,true
woocommerce/product-review-date,color.__experimentalDefaultControls.background,true
woocommerce/product-review-date,color.__experimentalDefaultControls.text,true
woocommerce/product-review-date,color.__experimentalDefaultControls.link,true
woocommerce/product-review-date,spacing.margin,true
woocommerce/product-review-date,spacing.padding,true
woocommerce/product-review-date,typography.fontSize,true
woocommerce/product-review-date,typography.lineHeight,true
woocommerce/product-review-date,typography.__experimentalFontFamily,true
woocommerce/product-review-date,typography.__experimentalFontWeight,true
woocommerce/product-review-date,typography.__experimentalFontStyle,true
woocommerce/product-review-date,typography.__experimentalTextTransform,true
woocommerce/product-review-date,typography.__experimentalTextDecoration,true
woocommerce/product-review-date,typography.__experimentalLetterSpacing,true
woocommerce/product-review-date,typography.__experimentalDefaultControls.fontSize,true
woocommerce/product-review-date,interactivity.clientNavigation,true
woocommerce/product-review-date,__experimentalBorder.radius,true
woocommerce/product-review-date,__experimentalBorder.color,true
woocommerce/product-review-date,__experimentalBorder.width,true
woocommerce/product-review-date,__experimentalBorder.style,true
woocommerce/product-review-date,__experimentalBorder.__experimentalDefaultControls.radius,true
woocommerce/product-review-date,__experimentalBorder.__experimentalDefaultControls.color,true
woocommerce/product-review-date,__experimentalBorder.__experimentalDefaultControls.width,true
woocommerce/product-review-date,__experimentalBorder.__experimentalDefaultControls.style,true
woocommerce/product-review-form,interactivity,true
woocommerce/product-review-form,html,false
woocommerce/product-review-form,color.gradients,true
woocommerce/product-review-form,color.heading,true
woocommerce/product-review-form,color.link,true
woocommerce/product-review-form,color.__experimentalDefaultControls.background,true
woocommerce/product-review-form,color.__experimentalDefaultControls.text,true
woocommerce/product-review-form,spacing.margin,true
woocommerce/product-review-form,spacing.padding,true
woocommerce/product-review-form,typography.fontSize,true
woocommerce/product-review-form,typography.lineHeight,true
woocommerce/product-review-form,typography.__experimentalFontStyle,true
woocommerce/product-review-form,typography.__experimentalFontWeight,true
woocommerce/product-review-form,typography.__experimentalLetterSpacing,true
woocommerce/product-review-form,typography.__experimentalTextTransform,true
woocommerce/product-review-form,typography.__experimentalDefaultControls.fontSize,true
woocommerce/product-review-form,__experimentalBorder.radius,true
woocommerce/product-review-form,__experimentalBorder.color,true
woocommerce/product-review-form,__experimentalBorder.width,true
woocommerce/product-review-form,__experimentalBorder.style,true
woocommerce/product-review-form,__experimentalBorder.__experimentalDefaultControls.radius,true
woocommerce/product-review-form,__experimentalBorder.__experimentalDefaultControls.color,true
woocommerce/product-review-form,__experimentalBorder.__experimentalDefaultControls.width,true
woocommerce/product-review-form,__experimentalBorder.__experimentalDefaultControls.style,true
woocommerce/product-review-rating,interactivity.clientNavigation,true
woocommerce/product-review-rating,color.gradients,true
woocommerce/product-review-rating,color.__experimentalDefaultControls.background,true
woocommerce/product-review-rating,color.__experimentalDefaultControls.text,true
woocommerce/product-review-template,align,true
woocommerce/product-review-template,html,false
woocommerce/product-review-template,reusable,false
woocommerce/product-review-template,spacing.margin,true
woocommerce/product-review-template,spacing.padding,true
woocommerce/product-review-template,typography.fontSize,true
woocommerce/product-review-template,typography.lineHeight,true
woocommerce/product-review-template,typography.__experimentalFontFamily,true
woocommerce/product-review-template,typography.__experimentalFontWeight,true
woocommerce/product-review-template,typography.__experimentalFontStyle,true
woocommerce/product-review-template,typography.__experimentalTextTransform,true
woocommerce/product-review-template,typography.__experimentalTextDecoration,true
woocommerce/product-review-template,typography.__experimentalLetterSpacing,true
woocommerce/product-review-template,typography.__experimentalDefaultControls.fontSize,true
woocommerce/product-review-template,interactivity.clientNavigation,true
woocommerce/product-review-template,__experimentalBorder.radius,true
woocommerce/product-review-template,__experimentalBorder.color,true
woocommerce/product-review-template,__experimentalBorder.width,true
woocommerce/product-review-template,__experimentalBorder.style,true
woocommerce/product-review-template,__experimentalBorder.__experimentalDefaultControls.radius,true
woocommerce/product-review-template,__experimentalBorder.__experimentalDefaultControls.color,true
woocommerce/product-review-template,__experimentalBorder.__experimentalDefaultControls.width,true
woocommerce/product-review-template,__experimentalBorder.__experimentalDefaultControls.style,true
woocommerce/product-reviews,interactivity,true
woocommerce/product-reviews,align,"[""wide"", ""full""]"
woocommerce/product-reviews,html,false
woocommerce/product-reviews,color.gradients,true
woocommerce/product-reviews,color.heading,true
woocommerce/product-reviews,color.link,true
woocommerce/product-reviews,color.__experimentalDefaultControls.background,true
woocommerce/product-reviews,color.__experimentalDefaultControls.text,true
woocommerce/product-reviews,color.__experimentalDefaultControls.link,true
woocommerce/product-reviews,spacing.margin,true
woocommerce/product-reviews,spacing.padding,true
woocommerce/product-reviews,typography.fontSize,true
woocommerce/product-reviews,typography.lineHeight,true
woocommerce/product-reviews,typography.__experimentalFontFamily,true
woocommerce/product-reviews,typography.__experimentalFontWeight,true
woocommerce/product-reviews,typography.__experimentalFontStyle,true
woocommerce/product-reviews,typography.__experimentalTextTransform,true
woocommerce/product-reviews,typography.__experimentalTextDecoration,true
woocommerce/product-reviews,typography.__experimentalLetterSpacing,true
woocommerce/product-reviews,typography.__experimentalDefaultControls.fontSize,true
woocommerce/product-reviews,__experimentalBorder.radius,true
woocommerce/product-reviews,__experimentalBorder.color,true
woocommerce/product-reviews,__experimentalBorder.width,true
woocommerce/product-reviews,__experimentalBorder.style,true
woocommerce/product-reviews,__experimentalBorder.__experimentalDefaultControls.radius,true
woocommerce/product-reviews,__experimentalBorder.__experimentalDefaultControls.color,true
woocommerce/product-reviews,__experimentalBorder.__experimentalDefaultControls.width,true
woocommerce/product-reviews,__experimentalBorder.__experimentalDefaultControls.style,true
woocommerce/product-reviews-pagination,align,true
woocommerce/product-reviews-pagination,reusable,false
woocommerce/product-reviews-pagination,html,false
woocommerce/product-reviews-pagination,color.gradients,true
woocommerce/product-reviews-pagination,color.link,true
woocommerce/product-reviews-pagination,color.__experimentalDefaultControls.background,true
woocommerce/product-reviews-pagination,color.__experimentalDefaultControls.text,true
woocommerce/product-reviews-pagination,color.__experimentalDefaultControls.link,true
woocommerce/product-reviews-pagination,layout.allowSwitching,false
woocommerce/product-reviews-pagination,layout.allowInheriting,false
woocommerce/product-reviews-pagination,layout.default.type,"""flex"""
woocommerce/product-reviews-pagination,typography.fontSize,true
woocommerce/product-reviews-pagination,typography.lineHeight,true
woocommerce/product-reviews-pagination,typography.__experimentalFontFamily,true
woocommerce/product-reviews-pagination,typography.__experimentalFontWeight,true
woocommerce/product-reviews-pagination,typography.__experimentalFontStyle,true
woocommerce/product-reviews-pagination,typography.__experimentalTextTransform,true
woocommerce/product-reviews-pagination,typography.__experimentalTextDecoration,true
woocommerce/product-reviews-pagination,typography.__experimentalLetterSpacing,true
woocommerce/product-reviews-pagination,typography.__experimentalDefaultControls.fontSize,true
woocommerce/product-reviews-pagination,interactivity.clientNavigation,true
woocommerce/product-reviews-pagination-next,reusable,false
woocommerce/product-reviews-pagination-next,html,false
woocommerce/product-reviews-pagination-next,color.gradients,true
woocommerce/product-reviews-pagination-next,color.text,false
woocommerce/product-reviews-pagination-next,color.__experimentalDefaultControls.background,true
woocommerce/product-reviews-pagination-next,typography.fontSize,true
woocommerce/product-reviews-pagination-next,typography.lineHeight,true
woocommerce/product-reviews-pagination-next,typography.__experimentalFontFamily,true
woocommerce/product-reviews-pagination-next,typography.__experimentalFontWeight,true
woocommerce/product-reviews-pagination-next,typography.__experimentalFontStyle,true
woocommerce/product-reviews-pagination-next,typography.__experimentalTextTransform,true
woocommerce/product-reviews-pagination-next,typography.__experimentalTextDecoration,true
woocommerce/product-reviews-pagination-next,typography.__experimentalLetterSpacing,true
woocommerce/product-reviews-pagination-next,typography.__experimentalDefaultControls.fontSize,true
woocommerce/product-reviews-pagination-next,interactivity.clientNavigation,true
woocommerce/product-reviews-pagination-numbers,reusable,false
woocommerce/product-reviews-pagination-numbers,html,false
woocommerce/product-reviews-pagination-numbers,color.gradients,true
woocommerce/product-reviews-pagination-numbers,color.text,false
woocommerce/product-reviews-pagination-numbers,color.__experimentalDefaultControls.background,true
woocommerce/product-reviews-pagination-numbers,typography.fontSize,true
woocommerce/product-reviews-pagination-numbers,typography.lineHeight,true
woocommerce/product-reviews-pagination-numbers,typography.__experimentalFontFamily,true
woocommerce/product-reviews-pagination-numbers,typography.__experimentalFontWeight,true
woocommerce/product-reviews-pagination-numbers,typography.__experimentalFontStyle,true
woocommerce/product-reviews-pagination-numbers,typography.__experimentalTextTransform,true
woocommerce/product-reviews-pagination-numbers,typography.__experimentalTextDecoration,true
woocommerce/product-reviews-pagination-numbers,typography.__experimentalLetterSpacing,true
woocommerce/product-reviews-pagination-numbers,typography.__experimentalDefaultControls.fontSize,true
woocommerce/product-reviews-pagination-numbers,interactivity.clientNavigation,true
woocommerce/product-reviews-pagination-previous,reusable,false
woocommerce/product-reviews-pagination-previous,html,false
woocommerce/product-reviews-pagination-previous,color.gradients,true
woocommerce/product-reviews-pagination-previous,color.text,false
woocommerce/product-reviews-pagination-previous,color.__experimentalDefaultControls.background,true
woocommerce/product-reviews-pagination-previous,typography.fontSize,true
woocommerce/product-reviews-pagination-previous,typography.lineHeight,true
woocommerce/product-reviews-pagination-previous,typography.__experimentalFontFamily,true
woocommerce/product-reviews-pagination-previous,typography.__experimentalFontWeight,true
woocommerce/product-reviews-pagination-previous,typography.__experimentalFontStyle,true
woocommerce/product-reviews-pagination-previous,typography.__experimentalTextTransform,true
woocommerce/product-reviews-pagination-previous,typography.__experimentalTextDecoration,true
woocommerce/product-reviews-pagination-previous,typography.__experimentalLetterSpacing,true
woocommerce/product-reviews-pagination-previous,typography.__experimentalDefaultControls.fontSize,true
woocommerce/product-reviews-pagination-previous,interactivity.clientNavigation,true
woocommerce/product-reviews-title,anchor,false
woocommerce/product-reviews-title,align,true
woocommerce/product-reviews-title,html,false
woocommerce/product-reviews-title,__experimentalBorder.radius,true
woocommerce/product-reviews-title,__experimentalBorder.color,true
woocommerce/product-reviews-title,__experimentalBorder.width,true
woocommerce/product-reviews-title,__experimentalBorder.style,true
woocommerce/product-reviews-title,color.gradients,true
woocommerce/product-reviews-title,color.__experimentalDefaultControls.background,true
woocommerce/product-reviews-title,color.__experimentalDefaultControls.text,true
woocommerce/product-reviews-title,spacing.margin,true
woocommerce/product-reviews-title,spacing.padding,true
woocommerce/product-reviews-title,typography.fontSize,true
woocommerce/product-reviews-title,typography.lineHeight,true
woocommerce/product-reviews-title,typography.__experimentalFontFamily,true
woocommerce/product-reviews-title,typography.__experimentalFontWeight,true
woocommerce/product-reviews-title,typography.__experimentalFontStyle,true
woocommerce/product-reviews-title,typography.__experimentalTextTransform,true
woocommerce/product-reviews-title,typography.__experimentalTextDecoration,true
woocommerce/product-reviews-title,typography.__experimentalLetterSpacing,true
woocommerce/product-reviews-title,typography.__experimentalDefaultControls.fontSize,true
woocommerce/product-reviews-title,typography.__experimentalDefaultControls.__experimentalFontFamily,true
woocommerce/product-reviews-title,typography.__experimentalDefaultControls.__experimentalFontStyle,true
woocommerce/product-reviews-title,typography.__experimentalDefaultControls.__experimentalFontWeight,true
woocommerce/product-reviews-title,interactivity.clientNavigation,true
woocommerce/product-sale-badge,interactivity.clientNavigation,true
woocommerce/product-sale-badge,html,false
woocommerce/product-sale-badge,align,true
woocommerce/product-sale-badge,color.gradients,true
woocommerce/product-sale-badge,color.background,true
woocommerce/product-sale-badge,color.link,false
woocommerce/product-sale-badge,color.__experimentalSkipSerialization,true
woocommerce/product-sale-badge,typography.fontSize,true
woocommerce/product-sale-badge,typography.lineHeight,true
woocommerce/product-sale-badge,typography.__experimentalFontFamily,true
woocommerce/product-sale-badge,typography.__experimentalFontWeight,true
woocommerce/product-sale-badge,typography.__experimentalFontStyle,true
woocommerce/product-sale-badge,typography.__experimentalSkipSerialization,true
woocommerce/product-sale-badge,typography.__experimentalLetterSpacing,true
woocommerce/product-sale-badge,typography.__experimentalTextTransform,true
woocommerce/product-sale-badge,typography.__experimentalTextDecoration,true
woocommerce/product-sale-badge,__experimentalBorder.color,true
woocommerce/product-sale-badge,__experimentalBorder.radius,true
woocommerce/product-sale-badge,__experimentalBorder.width,true
woocommerce/product-sale-badge,__experimentalBorder.__experimentalSkipSerialization,true
woocommerce/product-sale-badge,spacing.margin,true
woocommerce/product-sale-badge,email,true
woocommerce/product-sale-badge,__experimentalSelector,""".wc-block-components-product-sale-badge"""
woocommerce/product-sku,html,false
woocommerce/product-sku,interactivity.clientNavigation,true
woocommerce/product-sku,color.text,true
woocommerce/product-sku,color.background,true
woocommerce/product-sku,typography.fontSize,true
woocommerce/product-sku,typography.lineHeight,true
woocommerce/product-sku,typography.__experimentalFontWeight,true
woocommerce/product-sku,typography.__experimentalFontFamily,true
woocommerce/product-sku,typography.__experimentalFontStyle,true
woocommerce/product-sku,typography.__experimentalTextTransform,true
woocommerce/product-sku,typography.__experimentalTextDecoration,true
woocommerce/product-sku,typography.__experimentalLetterSpacing,true
woocommerce/product-sku,spacing.margin,true
woocommerce/product-sku,spacing.padding,true
woocommerce/product-specifications,html,false
woocommerce/product-specifications,align,"[""wide"", ""full""]"
woocommerce/product-specifications,spacing.margin,true
woocommerce/product-specifications,spacing.padding,true
woocommerce/product-specifications,typography.fontSize,true
woocommerce/product-specifications,typography.lineHeight,true
woocommerce/product-stock-indicator,html,false
woocommerce/product-stock-indicator,interactivity,true
woocommerce/product-stock-indicator,color.text,true
woocommerce/product-stock-indicator,color.background,true
woocommerce/product-stock-indicator,typography.fontSize,true
woocommerce/product-stock-indicator,typography.lineHeight,true
woocommerce/product-stock-indicator,typography.__experimentalFontWeight,true
woocommerce/product-stock-indicator,typography.__experimentalFontFamily,true
woocommerce/product-stock-indicator,typography.__experimentalFontStyle,true
woocommerce/product-stock-indicator,typography.__experimentalTextTransform,true
woocommerce/product-stock-indicator,typography.__experimentalTextDecoration,true
woocommerce/product-stock-indicator,typography.__experimentalLetterSpacing,true
woocommerce/product-stock-indicator,spacing.margin,true
woocommerce/product-stock-indicator,spacing.padding,true
woocommerce/product-summary,interactivity.clientNavigation,true
woocommerce/product-summary,color.text,true
woocommerce/product-summary,color.background,true
woocommerce/product-summary,color.link,true
woocommerce/product-summary,spacing.margin,true
woocommerce/product-summary,spacing.padding,true
woocommerce/product-summary,typography.fontSize,true
woocommerce/product-summary,typography.lineHeight,true
woocommerce/product-summary,typography.textAlign,true
woocommerce/product-summary,typography.__experimentalFontFamily,true
woocommerce/product-summary,typography.__experimentalFontWeight,true
woocommerce/product-summary,typography.__experimentalFontStyle,true
woocommerce/product-summary,typography.__experimentalTextTransform,true
woocommerce/product-summary,typography.__experimentalTextDecoration,true
woocommerce/product-summary,typography.__experimentalLetterSpacing,true
woocommerce/product-summary,typography.__experimentalDefaultControls.fontSize,true
woocommerce/product-summary,__experimentalSelector,""".wc-block-components-product-summary"""
woocommerce/product-tag,interactivity.clientNavigation,false
woocommerce/product-tag,align,"[""wide"", ""full""]"
woocommerce/product-tag,html,false
woocommerce/product-tag,inserter,false
woocommerce/product-template,interactivity,true
woocommerce/product-template,inserter,false
woocommerce/product-template,reusable,false
woocommerce/product-template,html,false
woocommerce/product-template,align,"[""wide"", ""full""]"
woocommerce/product-template,anchor,true
woocommerce/product-template,color.gradients,true
woocommerce/product-template,color.link,true
woocommerce/product-template,color.__experimentalDefaultControls.background,true
woocommerce/product-template,color.__experimentalDefaultControls.text,true
woocommerce/product-template,typography.fontSize,true
woocommerce/product-template,typography.lineHeight,true
woocommerce/product-template,typography.__experimentalFontFamily,true
woocommerce/product-template,typography.__experimentalFontWeight,true
woocommerce/product-template,typography.__experimentalFontStyle,true
woocommerce/product-template,typography.__experimentalTextTransform,true
woocommerce/product-template,typography.__experimentalTextDecoration,true
woocommerce/product-template,typography.__experimentalLetterSpacing,true
woocommerce/product-template,typography.__experimentalDefaultControls.fontSize,true
woocommerce/product-template,layout.allowEditing,false
woocommerce/product-template,layout.allowSwitching,false
woocommerce/product-template,layout.allowInheriting,false
woocommerce/product-template,layout.allowSizingOnChildren,false
woocommerce/product-template,layout.allowVerticalAlignment,false
woocommerce/product-template,email,true
woocommerce/product-title,html,false
woocommerce/product-title,interactivity.clientNavigation,false
woocommerce/product-title,typography.fontSize,true
woocommerce/product-title,typography.lineHeight,true
woocommerce/product-title,typography.__experimentalFontWeight,true
woocommerce/product-title,typography.__experimentalTextTransform,true
woocommerce/product-title,typography.__experimentalFontFamily,true
woocommerce/product-title,color.text,true
woocommerce/product-title,color.background,true
woocommerce/product-title,color.link,false
woocommerce/product-title,color.gradients,true
woocommerce/product-title,color.__experimentalSkipSerialization,true
woocommerce/product-title,spacing.margin,true
woocommerce/product-title,spacing.__experimentalSkipSerialization,true
woocommerce/product-title,__experimentalSelector,""".wc-block-components-product-title"""
woocommerce/product-top-rated,interactivity.clientNavigation,false
woocommerce/product-top-rated,align,"[""wide"", ""full""]"
woocommerce/product-top-rated,html,false
woocommerce/product-top-rated,inserter,false
woocommerce/products-by-attribute,interactivity.clientNavigation,false
woocommerce/products-by-attribute,align,"[""wide"", ""full""]"
woocommerce/products-by-attribute,html,false
woocommerce/products-by-attribute,inserter,false
woocommerce/rating-filter,interactivity.clientNavigation,false
woocommerce/rating-filter,html,false
woocommerce/rating-filter,multiple,false
woocommerce/rating-filter,color.background,true
woocommerce/rating-filter,color.text,true
woocommerce/rating-filter,color.button,true
woocommerce/rating-filter,inserter,false
woocommerce/rating-filter,lock,false
woocommerce/related-products,interactivity.clientNavigation,true
woocommerce/related-products,align,true
woocommerce/related-products,reusable,false
woocommerce/related-products,inserter,false
woocommerce/reviews-by-category,html,false
woocommerce/reviews-by-category,interactivity.clientNavigation,true
woocommerce/reviews-by-category,color.background,false
woocommerce/reviews-by-category,typography.fontSize,true
woocommerce/reviews-by-product,html,false
woocommerce/reviews-by-product,interactivity.clientNavigation,true
woocommerce/reviews-by-product,color.background,false
woocommerce/reviews-by-product,typography.fontSize,true
woocommerce/single-product,interactivity,true
woocommerce/single-product,align,"[""wide"", ""full""]"
woocommerce/stock-filter,interactivity.clientNavigation,false
woocommerce/stock-filter,html,false
woocommerce/stock-filter,multiple,false
woocommerce/stock-filter,color.background,true
woocommerce/stock-filter,color.text,true
woocommerce/stock-filter,color.button,true
woocommerce/stock-filter,inserter,false
woocommerce/stock-filter,lock,false
woocommerce/store-notices,interactivity.clientNavigation,true
woocommerce/store-notices,multiple,false
woocommerce/store-notices,align,"[""wide"", ""full""]"
